alcohol,density,chlorides,total sulfur dioxide,citric acid,residual sugar,quality
12,0.9908,0.033,63,0.41,1.45,5
9.7,0.9947,0.035,109,0.4,4.2,5
10.8,0.992,0.04,75,0.37,1.2,5
12.4,0.9912,0.044,143,0.4,1.5,7
9.7,1.0002,0.04,172,0.62,19.25,5
11.4,0.9914,0.032,112,0.38,1.5,7
9.5,0.9955,0.044,133,0.14,7.5,5
11,0.9912,0.038,102,0.38,2.9,7
9.3,0.9937,0.074,168,0.14,1.5,5
12.3,0.9906,0.033,114,0.36,2,7
10.2,0.9962,0.044,179,0.2,14.95,5
12.8,0.9905,0.08,123,0.43,1.7,5
10,0.9934,0.051,149,0.23,5.4,5
8.6,0.9999,0.057,149,0.39,17.95,5
8.6,0.9999,0.057,149,0.39,17.95,5
10,0.9931,0.058,167,0.31,1.4,7
9.8,0.9939,0.066,207,0.25,4.4,5
9.8,0.995,0.067,150,0.35,5,5
11,0.9914,0.068,124,0.29,1.1,7
10.9,0.991,0.057,82,0.33,1.1,7
10.5,0.991,0.035,151,0.07,1.1,5
9.1,0.9934,0.064,120,0.03,1.2,5
12.6,0.9903,,124,0.24,6.4,7
9.8,0.992,,174,0.13,1.2,5
9.5,0.9962,,105,0.29,10.1,5
9.5,0.9958,,238.5,0.23,4.6,5
10,0.9964,,201,0.28,4.8,5
9.5,0.9962,,105,0.29,10.1,5
12.7,0.9898,,87,0.36,1.4,7
12,0.9912,,69,0.34,1.3,7
9.3,0.9961,,103,0.3,8.8,5
9,0.9949,,105,0.28,5.4,5
10,0.9946,,164,0.2,6.1,5
8.7,0.9974,,155,0.61,11.8,5
8.7,0.9974,,155,0.61,11.8,5
9,0.9957,,243,0.43,7.5,5
12.6,0.99,,136,0.33,1.7,7
12.6,0.9899,,136,0.33,1.8,7
11.5,0.9916,,148,0.32,1.7,7
11.4,0.9913,,80,0.36,1.2,7
9.1,0.9975,,192,0.37,13.5,5
9.4,0.9962,,162,0.32,9.6,5
9.4,0.997,,164,0.24,12.1,5
9,1,,170,0.4,18.9,5
9.1,0.9975,,192,0.37,13.5,5
9.4,0.9962,,162,0.32,9.6,5
10.3,0.9927,,187,0.28,1.3,5
8.9,1,,255,0.46,18.75,5
9.2,0.9982,,195,0.5,13.3,5
9.1,0.9968,,150,0.34,9.2,5
9.1,0.9968,,150,0.34,9.2,5
9.2,0.9982,,195,0.5,13.3,5
9.2,0.9982,,196,0.48,13.3,5
10.2,0.9934,,87,0.04,5.7,5
8.8,0.9984,,138,0.32,12.2,5
9.7,0.9952,,131,0.31,6.85,5
10.5,0.994,,126,0.23,7,5
9.7,0.9958,,203,0.32,7.6,7
10.9,0.9924,,179,0.56,2.8,7
10.6,0.994,,57,0.25,10.4,5
9.7,0.9958,,203,0.32,7.6,7
9,0.9979,,241,0.4,13.1,5
9.2,0.9982,,188,0.27,15.8,5
8.9,0.9961,,203,0.22,8.1,5
9.6,0.9979,,179,0.31,15.7,5
8.7,0.9975,,155,0.67,10.5,5
10.8,0.9917,,96,0.36,1.9,7
10.2,0.9927,,77,0.34,2.2,5
8.7,0.9975,,155,0.67,10.5,5
12,0.9917,,80,0.33,4.6,7
11.5,0.9934,,152,0.38,8,7
10.4,0.9919,,97,0.41,1.2,5
12.4,0.9898,,124,0.24,1.5,7
12.4,0.9898,,124,0.24,1.5,7
9.1,0.998,,159,0.56,14.5,5
10.6,0.9932,,85,0.3,4.8,5
9.5,0.997,,205,0.35,13.1,5
9.8,0.9972,,177,0.36,13,5
12.6,0.9896,0.034,98,0.18,2.4,7
9.3,0.9968,0.055,151,0.31,8.95,5
10,0.9958,0.034,110,0.48,9.85,5
11.5,0.9918,0.038,130,0.43,4.55,7
10.2,0.999,0.051,173,0.31,17.7,5
9.4,0.9972,0.054,170,0.3,12.9,5
9.2,0.9936,0.053,183,0.15,1.2,5
8.7,1.001,0.048,167,0.4,22,5
9.3,0.997,0.043,226,0.56,11.9,5
9.3,0.9972,0.043,230,0.56,11.9,5
11,0.9924,0.038,119,0.23,4.2,5
8.7,1.001,0.048,167,0.4,22,5
9.6,0.9942,0.055,125,0.34,5.1,5
9.1,0.9942,0.2,181,0.44,3.6,5
9.1,0.9942,0.197,183,0.44,3.6,5
8.9,0.9961,0.052,214,0.24,7.8,5
8.8,0.998,0.05,204,0.24,13.1,5
8.9,0.9961,0.052,214,0.24,7.8,5
9.3,0.9984,0.049,196,0.26,16.1,5
8.8,0.998,0.05,204,0.24,13.1,5
9.6,0.9973,0.05,236,0.32,13.2,5
8.8,0.9972,0.042,153,0.5,11.6,5
9.2,0.9958,0.045,126,0.32,8.3,5
10.2,0.9938,0.04,77,0.29,2.2,5
10.5,0.994,0.032,68,0.25,9.7,5
11.2,0.9918,0.038,111,0.38,1.4,7
9.2,0.9958,0.045,126,0.32,8.3,5
11.1,0.9912,0.03,105,0.25,1.4,7
9.4,0.9961,0.044,152,0.24,9.2,5
11,0.9939,0.036,164,0.36,7,5
9.4,0.9961,0.044,152,0.24,9.2,5
9.4,0.9989,0.044,167,0.24,17.5,5
11,0.9938,0.036,161,0.36,7,5
11,0.9939,0.036,164,0.36,7,5
11.1,0.9912,0.03,105,0.25,1.4,7
8.7,0.9998,0.046,145,0.41,17.8,5
8.7,0.9998,0.046,145,0.41,17.8,5
11.1,0.9918,0.037,120,0.59,1.4,7
8.7,0.9985,0.05,197,0.23,13.7,5
10.4,0.9944,0.031,90,0.26,7.8,5
11.4,0.9903,0.026,100,0.37,2.4,7
8.7,0.9975,0.043,142,0.56,11.2,5
12.6,0.99,0.03,139,0.27,2.1,7
10.9,0.9905,0.031,77,0.27,1.4,7
10.9,0.9905,0.03,76,0.26,1.4,7
10,0.996,0.037,119,0.14,10.4,5
8.7,0.9975,0.043,142,0.56,11.2,5
11,0.9927,0.035,97,0.3,5.7,7
11,0.9927,0.035,97,0.3,5.7,7
8.9,0.9996,0.043,156,0.4,19.45,5
10.2,0.9944,0.036,95,0.4,8.2,5
8.9,0.9996,0.043,156,0.4,19.45,5
9.7,0.9944,0.043,149,0.07,6.9,5
9.7,0.9944,0.044,147,0.07,7,5
9.3,0.9972,0.051,148,0.26,13.1,5
9,0.9949,0.057,123,0.3,5.1,5
9.5,0.9966,0.046,234,0.54,10.7,5
10.6,0.9915,0.042,60,0.4,1.1,5
12.4,0.9916,0.036,105,0.49,4.7,7
9.3,0.9982,0.054,196,0.3,15.6,5
8.8,0.9988,0.055,198,0.24,15.4,5
8.8,0.9961,0.056,180,0.25,7.2,5
9,0.9979,0.058,192,0.39,14.2,7
9,0.9979,0.058,192,0.39,14.2,7
9,0.9979,0.058,192,0.39,14.2,7
9,0.9979,0.058,192,0.39,14.2,7
9.1,1,0.066,195,0.42,19.8,5
9.8,0.9957,0.041,157,0.22,7.3,7
9.4,0.9976,0.045,169,0.7,10.6,5
11.2,0.9932,0.041,187,0.46,3.8,7
9.9,0.995,0.058,163,0.24,6.7,5
10.4,0.9927,0.036,134,0.27,4.9,7
11.5,0.9917,0.035,100,0.27,2.1,7
10,0.9941,0.04,167,0.21,6.6,5
10.5,0.9938,0.031,135,0.35,7.7,5
11.5,0.9933,0.03,133,0.47,7.85,7
10.3,0.9927,0.041,65,0.24,1.1,7
10.5,0.9938,0.031,135,0.35,7.7,5
11.4,0.993,0.046,207,0.51,2,5
10.5,0.9946,0.057,313,0.31,5.8,5
10.4,0.992,0.036,85,0.41,1.3,5
10.6,0.9927,0.032,135,0.34,4.6,5
9.8,0.9954,0.038,133,0.34,9.9,5
10.8,0.9923,0.031,80,0.26,5.7,5
10.4,0.9945,0.047,139,0.4,1.3,5
10.2,0.9934,0.049,141,0.35,1.5,7
9,0.9964,0.045,153,0.43,7.8,7
10,0.9931,0.053,144,0.47,3,5
11.2,0.9906,0.031,68,0.1,1.3,7
10,0.997,0.054,137,0.45,11.2,5
11.4,0.9914,0.044,146,0.36,2.1,7
11.9,0.992,0.038,138,0.4,6.85,7
11.9,0.992,0.038,138,0.4,6.85,7
8.9,0.9941,0.055,84,0.14,1.2,5
11.4,0.9923,0.037,102,0.4,2.3,7
12.3,0.9912,0.028,113,0.32,3.5,7
11.6,0.9941,0.044,72,0.35,12.5,5
10,0.9934,0.048,204,0.19,0.8,5
12.5,0.9893,0.027,89,0.22,1.6,7
12.5,0.9893,0.027,89,0.22,1.6,7
10.4,0.9919,0.037,119,0.28,1.5,7
10,0.9924,0.045,98,0.44,1.4,7
10.4,0.9919,0.037,119,0.28,1.5,7
10,0.9924,0.045,98,0.44,1.4,7
11.3,0.991,0.027,125,0.39,3.2,7
12.5,0.9893,0.027,89,0.22,1.6,7
10.8,0.9906,0.026,115,0.56,1.5,7
10.1,0.9941,0.04,260,0.35,5.9,5
9.3,0.9983,0.032,181,0.38,14.9,7
9.3,0.9983,0.032,181,0.38,14.9,7
10.6,0.9916,0.031,66,0.32,1.1,5
8.8,0.9976,0.044,163,0.51,11.8,5
10,0.992,0.04,168,0.12,1.3,5
11.4,0.9917,0.031,93,0.42,1.8,5
9.4,0.9993,0.048,168,0.27,18.2,5
8.8,0.9976,0.044,163,0.51,11.8,5
9.2,0.9934,0.069,108,0.07,1.4,5
8.7,1,0.046,252,0.31,18.2,5
10,0.992,0.04,168,0.12,1.3,5
12.8,0.9896,0.031,99,0.34,4,7
9.4,0.9932,0.049,125,0.24,1.2,5
11.4,0.9917,0.031,93,0.42,1.8,5
10.5,0.9918,0.036,85,0.39,1.2,5
10.5,0.9918,0.036,85,0.39,1.2,5
9,0.9959,0.047,210,0.22,7.7,5
12.7,0.9898,0.03,136,0.31,2.7,7
10.5,0.9954,0.047,162,0.38,8.3,7
9.4,0.9974,0.053,194,0.5,13.3,5
9.1,0.9936,0.051,89,0.27,1.2,5
9.3,0.9978,0.056,197,0.47,13.6,5
9.4,0.9974,0.053,194,0.5,13.3,5
9.8,0.9927,0.048,84,0.1,1.1,5
9.9,0.9934,0.045,214,0.34,2.3,7
12.2,0.992,0.027,97,0.37,6.2,7
9.8,0.9935,0.042,218.5,0.32,2.5,5
9.9,0.9934,0.045,214,0.34,2.3,7
9.2,0.9934,0.06,108,0.04,1.2,5
11.6,0.9913,0.028,102,0.37,1.6,7
12.4,0.9914,0.054,156,0.27,2.6,5
10.5,0.9929,0.052,127,0.29,1.6,7
9.1,0.9971,0.07,174,0.2,9.9,5
10.1,0.9921,0.038,128,0.25,1.2,5
10.6,0.9931,0.042,160,0.14,2.7,7
10.5,0.9924,0.046,113,0.27,1.6,7
10.5,0.9929,0.052,127,0.29,1.6,7
12.9,0.9892,0.022,82,0.31,1.5,7
9.5,0.9956,0.056,111,0.27,8.6,5
8.5,0.9971,0.059,249,0.35,9.1,5
9.5,0.9956,0.056,111,0.27,8.6,5
9.3,0.9982,0.047,171,0.29,15.2,5
9.5,0.9973,0.047,162,0.19,12.4,5
8.7,0.9976,0.047,178,0.62,11,5
8.9,0.9962,0.081,126,0.58,10,5
8.7,0.9976,0.047,178,0.62,11,5
9.6,0.9992,0.047,182,0.53,18.15,5
10,0.9937,0.036,200,0.34,3.4,5
9.6,0.9944,0.034,132,0.31,4.8,7
9.5,0.9965,0.029,227,0.51,11,5
12.4,0.9893,0.028,105,0.36,1.1,7
9.2,0.9964,0.043,172,0.34,8.9,5
9.5,0.9972,0.044,137,0.24,13.3,5
9.2,0.9964,0.043,172,0.34,8.9,5
9.6,0.9954,0.346,200,0.3,6.6,5
12.7,0.9898,0.032,65,0.39,1.6,7
10,0.992,0.04,174,0.34,1,5
9.9,0.9937,0.037,210,0.29,2.25,5
8.8,0.9944,0.09,135,0.26,3.3,5
10,0.9938,0.048,170,0.27,1.9,7
10,0.9938,0.048,170,0.27,1.9,7
10.3,0.9952,0.036,115,0.32,9,7
9.1,0.9934,0.055,154,0.37,1.6,5
11.7,0.9942,0.048,41,0.34,12.6,5
9.8,0.9942,0.039,143,0.26,2.1,5
9.8,0.9942,,143,0.26,2.1,5
11.4,0.9902,,72,0.37,1,5
9.3,0.9945,,150,0.48,4,5
9.1,0.9987,,171,0.51,15.3,5
9.1,0.9987,,171,0.51,15.3,5
10.4,0.992,,61,0.3,1.5,5
8.7,0.9976,,192,0.65,10.4,5
10.2,0.9928,,127,0.31,1.7,7
8.7,0.9976,,192,0.65,10.4,5
9.6,0.9976,,168,0.51,13.6,7
11.3,0.9916,,93,0.34,1.2,7
12.1,0.9901,,118,0.34,1.6,7
9.6,0.9976,,168,0.51,13.6,7
12.1,0.9901,,118,0.34,1.6,7
11.3,0.9916,,93,0.34,1.2,7
9.4,0.9982,,160,0.71,12.2,5
9.5,0.9969,,165,0.24,12.1,5
9.9,0.9953,,150,0.42,9.1,7
10.1,0.9924,,128,0.1,1.6,5
10.4,0.9928,,135,0.22,1.4,7
9.1,0.9945,,165,0.3,4.2,5
9.8,0.9928,,153,0.5,2.2,5
8.7,0.9976,,194,0.66,10.8,5
11.6,0.9912,,107,0.29,2.7,7
8.8,0.9987,,181,0.54,16.3,5
12.7,0.99,,151,0.34,2.7,7
11.7,0.991,,138,0.33,1.9,7
12.7,0.9899,,153,0.33,2.8,7
11.6,0.9912,,107,0.29,2.7,7
12.3,0.9912,,134,0.26,6,7
8.7,0.9976,,194,0.66,10.8,5
9.4,0.994,,111,0.22,4.2,5
10.1,0.993,,134,0.3,1.6,7
10.8,0.992,,136,0.25,1.7,7
10.8,0.9926,,121,0.27,2.1,7
9.1,0.9983,,148,0.5,14.5,5
9.4,0.9968,,152,0.33,10.1,5
10.8,0.9905,,131,0.07,1.1,5
10.8,0.9904,,131,0.06,1,5
10.5,0.9926,,140,0.38,0.9,7
9.4,0.9968,,152,0.33,10.1,5
11.5,0.9909,,55,0.4,1.4,7
10.8,0.9905,,131,0.07,1.1,5
10.8,0.9904,,131,0.06,1,5
9.6,0.9965,0.049,158,0.29,7.5,5
9.6,0.9965,0.049,158,0.29,7.5,5
9.5,0.9993,0.044,161,0.25,17.75,5
8.8,0.9978,0.047,133,0.68,11,5
8.7,0.9978,0.045,133,0.68,10.9,5
8.7,0.9978,0.045,133,0.68,10.9,5
8.8,0.9978,0.047,133,0.68,11,5
11.7,0.9912,0.037,101,0.33,2.4,7
9,0.9993,0.084,222,0.41,16.8,5
9,0.9965,0.083,171,0.43,8.9,5
11.4,0.9913,0.045,64,0.34,1.1,5
9.3,0.9934,0.066,128,0.06,1.4,5
8.8,0.9999,0.05,144,0.42,18.05,5
8.8,0.9999,0.05,144,0.42,18.05,5
9.5,0.9972,0.045,187,0.2,12.6,5
10.8,0.9931,0.037,133,0.28,4.7,7
9.2,0.9976,0.053,148,0.25,11.9,5
10.3,0.9937,0.046,198,0.14,5,5
10.3,0.9937,0.046,197,0.14,5.8,5
11,0.991,0.047,127,0.29,1.2,7
9.5,0.9969,0.05,163,0.28,11.5,5
9.5,0.9968,0.051,166,0.29,11.4,5
9,0.9961,0.058,166,0.25,7.8,5
10,0.9944,0.041,190,0.12,5.9,5
9.1,0.9986,0.067,189,0.34,14.4,7
9.1,0.9986,0.067,189,0.34,14.4,7
9.1,0.9986,0.067,189,0.34,14.4,7
9.1,0.9986,0.067,189,0.34,14.4,7
11.4,0.9917,0.048,138,0.37,2.5,7
10.2,0.9936,0.05,136,0.21,3.2,5
11.3,0.9915,0.052,188,0.25,3.1,5
9.4,0.9934,0.049,86,0.26,1.9,5
12.2,0.9952,0.032,133,0.34,14,7
9.4,0.9934,0.049,86,0.26,1.9,5
9.5,0.9944,0.056,130,0.22,1.4,5
9.3,0.9966,0.047,211,0.5,11.6,5
9.4,0.9968,0.047,206,0.5,10.7,5
11.8,0.991,0.033,94,0.38,4.75,7
11.8,0.991,0.033,94,0.38,4.75,7
11.8,0.991,0.033,94,0.38,4.75,7
10,0.992,0.043,159,0.14,1.4,5
9.7,0.9931,0.058,171,0.69,1.3,5
9.4,0.9948,0.24,174,0.32,4.5,5
11.2,0.9923,0.052,183,0.31,1.7,5
9,0.9976,0.051,201,0.26,13.2,5
10.7,0.9938,0.043,114,0.35,5.5,7
10.8,0.9922,0.039,125,0.37,2,7
9.8,0.9942,0.036,191,0.16,6.3,5
9.8,0.9944,0.036,185,0.14,6.3,5
9.5,0.9977,0.047,198,0.28,14.7,5
9.5,0.9982,0.039,204,0.51,14.8,5
9.5,0.9982,0.039,204,0.51,14.8,5
9.4,0.9983,0.042,204,0.48,14.2,5
9.7,0.998,0.042,197,0.7,13.1,5
13.9,0.9894,0.03,135,0.22,2.4,7
10.9,0.993,0.032,41,0.46,6.1,5
10,0.9941,0.041,218,0.21,6.3,5
9.2,0.99345,0.044,98,0.21,1,5
9.5,0.998,0.046,172,0.24,12.1,5
10,0.99475,0.04,213,0.39,7.5,5
10.5,0.9933,0.038,150,0.27,1.7,7
9.1,1.0002,0.042,157,0.41,18.75,5
10.5,0.9933,0.038,150,0.27,1.7,7
10.2,0.9937,0.042,127,0.5,1.8,7
8.9,0.99685,0.053,178,0.44,9,5
10.4,0.99455,0.046,182,0.44,1.5,5
10.9,0.9914,0.028,122,0.4,1.8,7
10.2,0.99225,0.041,136,0.21,1.2,5
11.7,0.99155,0.038,114,0.31,2.8,7
9.4,0.9954,0.057,101,0.34,8,5
10.5,0.99455,0.043,157,0.31,5.3,5
9.4,0.9924,0.185,188,0.27,0.8,5
11.1,0.9934,0.022,49,0.45,6,7
9.2,0.9971,0.04,191,0.25,9.8,5
9.2,0.9971,0.04,191,0.25,9.8,5
10.8,0.99215,0.021,142,0.31,3.8,7
9.4,0.9977,0.034,152,0.25,12.5,5
10,0.99535,0.041,160,0.27,7.5,5
9.1,0.9932,0.11,138,0.47,2.2,5
12.2,0.9907,0.032,107,0.44,1.8,7
9.5,0.99755,0.056,175,0.28,11.1,5
9.8,0.9932,0.051,136,0.4,1.2,7
9.8,0.9932,0.047,134,0.4,1.2,7
8.7,1.00055,0.057,247,0.49,19.3,5
9.2,0.9988,0.078,238,0.63,13.4,5
9.3,0.9962,0.043,113,0.34,8.8,7
9.3,0.9962,0.043,113,0.34,8.8,7
9.8,0.9942,0.045,120,0.31,5.2,7
9.3,0.9927,0.13,140,0.57,1.1,7
9.3,0.9927,0.135,144,0.6,1.1,7
9.4,0.99985,0.039,172,0.3,16.7,5
9,0.99865,0.052,197,0.19,13.7,5
9.5,0.9992,0.053,178,0.37,15,7
9.5,0.9992,0.053,178,0.37,15,7
9,0.99865,0.052,197,0.19,13.7,5
10,0.9949,0.037,116,0.16,7,7
10.9,0.99225,0.033,92,0.3,2,7
10,0.99445,0.046,144,0.08,4.9,5
10.9,0.99225,0.033,92,0.3,2,7
9.3,0.99335,0.049,173,0.27,1.4,5
9,0.99625,0.05,157,0.26,7.3,5
9.3,0.9953,0.048,222,0.49,6.8,5
9.3,0.99775,0.044,220,0.35,11.6,5
9.8,0.99795,0.039,165,0.31,11.4,7
9.6,0.9975,0.046,205,0.26,13.2,5
9.3,0.9953,0.048,222,0.49,6.8,5
9.1,0.99405,0.055,160,0.28,1.1,7
9,0.9939,0.04,125,0.17,2.8,5
11.7,0.9939,0.036,77,0.42,5.1,5
9.1,0.99675,0.034,133,0.22,8.9,5
9,0.9939,0.04,125,0.17,2.8,5
9.1,0.99675,0.034,133,0.22,8.9,5
9.4,0.99445,0.053,104,0.21,5.4,5
11.7,0.9939,0.036,77,0.42,5.1,5
10.9,0.9959,0.044,90,0.36,10.7,7
11,0.9925,0.043,90,0.36,1.2,7
12,0.9924,0.034,126,0.35,6,7
12,0.9924,0.036,126,0.35,6.3,7
8.8,0.99975,0.044,169,0.32,13.4,7
8.8,0.99975,0.044,169,0.32,13.4,7
10.8,0.99315,0.036,101,0.35,1.7,7
9.3,0.99845,0.035,153,0.37,15.4,5
10.8,0.9921,0.026,73,0.27,1.2,5
8.8,0.99975,0.044,169,0.32,13.4,7
10.8,0.99315,0.036,101,0.35,1.7,7
9.4,0.99855,0.042,166,0.49,13.6,5
9.5,0.9934,0.036,117,0.36,1.3,7
8.6,0.9978,0.039,151,0.58,11.1,5
9.5,0.9934,0.036,117,0.36,1.3,7
10.3,0.9949,0.038,116,0.35,2.1,7
9.4,0.99855,0.042,166,0.49,13.6,5
9.4,0.9986,0.042,169,0.48,13.7,5
10,0.99725,0.038,149,0.39,10.2,7
9.4,0.9946,0.17,166,0.3,4.8,5
9.1,0.9996,0.041,182,0.42,14.2,7
9.9,0.9937,0.028,163,0,6.5,5
9.5,0.9934,0.036,117,0.36,1.3,7
9,0.9994,0.04,173,0.42,14.4,7
9.4,0.9956,0.08,159,0.65,9.7,5
8.6,0.9978,0.039,151,0.58,11.1,5
10.1,0.9932,0.029,64,0.29,1.3,5
10,0.993,0.037,141,0.32,2.2,7
10,0.993,0.037,141,0.32,2.2,7
12.2,0.9906,0.024,105,0.27,2.6,7
11,0.99185,0.044,90,0.32,2,7
11,0.99185,0.044,90,0.32,2,7
11,0.9908,0.031,114,0.18,1.2,7
9.4,0.9928,0.036,114,0.3,1,5
12.2,0.9896,0.037,128,0.29,1.4,7
11,0.9908,0.031,114,0.18,1.2,7
11,0.9947,0.052,145,0.38,7.9,7
8.9,0.9975,0.048,229,0.35,12.8,5
8.8,0.9985,0.049,217,0.31,13,5
9.9,0.99425,0.04,144,0.2,5.8,5
9.9,0.99425,0.042,143,0.19,5.6,5
9.9,0.9943,0.041,145,0.19,5.8,5
9.2,0.9924,0.038,30,0.05,0.8,5
9.2,0.9924,0.038,30,0.05,0.8,5
10.3,0.995,0.042,137,0.39,4.7,7
10.2,0.9923,0.04,107,0.4,1.1,7
9.4,0.9956,0.057,144,0.32,4.6,7
9.8,0.9936,0.047,100,0.23,2.9,5
9.3,0.9932,0.042,80,0.1,2.8,5
9.5,0.9934,0.057,173,0.33,2.9,7
10,0.998,0.055,179,0.35,12,5
9,0.9978,0.044,115,0.58,15,5
11.9,0.9929,0.017,84,0.52,5.9,7
8.9,0.9974,0.033,230,0.43,12.6,5
9.6,0.99495,0.037,205,0.33,7.4,5
8.9,0.99745,0.039,233,0.43,13,5
8.9,0.99505,0.041,230,0.44,6.7,5
11.4,0.992,0.048,67,0.32,1.4,5
9,0.9978,0.044,115,0.58,15,5
9.6,0.9982,0.044,194,0.29,15.3,7
9.7,0.99485,0.034,197,0.28,7.5,5
10,0.99265,0.039,88,0.19,1.6,7
12.2,0.9904,0.03,135,0.36,3.5,7
8.7,0.9965,0.051,131,0.33,8,7
10.2,0.9946,0.058,105,0.29,5,7
9.6,0.99965,0.047,205,1,18.2,5
10,0.9935,0.039,147,0.35,1.6,5
11.5,0.9942,0.034,84,0.39,6.4,5
9.5,0.9936,0.043,134,0.26,1.9,5
10,0.9928,0.042,117,0.37,1.3,5
9.5,0.9936,0.043,134,0.26,1.9,5
9.5,0.9938,0.042,133,0.26,1.8,5
10.2,0.9926,0.041,79,0.32,0.9,7
10.2,0.9926,0.039,78,0.32,1.1,7
12.3,0.992,0.037,101,0.36,5,7
11.5,0.9928,0.035,101,0.43,3.2,5
12,0.991,0.028,93,0.33,1.9,7
11.4,0.9906,0.019,68,0.09,1.6,7
12.3,0.9894,0.017,102,0.01,1.5,7
12.6,0.9898,0.02,110,0.19,1.7,7
12,0.991,0.028,93,0.33,1.9,7
9.2,0.9956,0.054,111,0.25,4.3,5
8.6,0.9966,0.05,189,0.33,7.6,5
10.7,0.9951,0.037,155,0.33,6.7,7
9.8,0.9927,0.15,54,0.71,1.6,5
10.7,0.9951,0.037,155,0.33,6.7,7
10.8,0.9925,0.043,149,0.33,1.6,5
10.8,0.9925,0.043,149,0.33,1.6,5
12,0.9935,0.036,117,0.39,8.9,7
9.9,0.9972,0.049,217,0.27,15.2,5
10.4,0.9924,0.046,29,0.34,1.3,5
10.1,0.9936,0.046,165,0.6,2.1,7
9.8,0.9936,0.05,84,0.36,1.8,7
9.4,0.9952,0.045,216,0.41,6.8,5
10.4,0.9928,0.063,136,0.39,1.3,7
9.3,0.9932,0.052,79,0.06,2.7,5
10.3,0.993,0.059,199,0.37,1.2,7
11.2,0.9932,0.048,173,0.41,1.7,7
9.5,0.9968,0.048,210,0.47,11.6,5
8.9,0.9994,0.064,162,0.27,12.6,5
10.2,0.9926,0.036,113,0.22,2.8,5
9.2,0.9968,0.071,136,0.47,11.2,5
11.4,0.9925,0.041,125,0.42,1.5,7
11.4,0.9925,0.041,125,0.42,1.5,7
10.4,0.9941,0.052,128,0.35,1.5,7
10.7,0.9936,0.06,75,0.37,1.5,5
9.7,0.9956,0.044,77,0.24,6,5
9.3,0.9953,0.034,104,0.34,5.3,7
11,0.9918,0.035,102,0.34,1.4,5
10.7,0.992,0.039,75,0.3,1,5
8.8,1.001,0.048,243,0.48,19.45,5
10.9,0.9924,0.049,94,0.37,1.6,7
10.5,0.9932,0.05,92,0.4,2,5
10,0.9937,0.046,107,0.1,1.3,5
10.4,0.9918,0.029,61,0.52,1.7,5
9.2,0.9934,0.038,75,0.38,1.1,5
9,0.9962,0.048,152,0.34,7.5,5
11.3,0.9908,0.035,86,0.42,1.3,5
10.4,0.9918,0.029,61,0.52,1.7,5
10,0.9941,0.049,111,0.41,2.2,5
9,0.9981,0.093,197,0.24,10,5
11.6,0.992,0.054,121,0.36,2,7
9.4,0.9966,0.07,185,0.28,7.5,5
9.5,0.9956,0.079,216,0.26,4,5
9.5,0.9956,0.073,202,0.26,4.1,5
9.7,1.0002,0.054,126,0.38,14.8,5
11.1,0.9923,0.037,125,0.34,2.6,7
12.6,0.9917,0.024,87,0.44,6.35,7
11.3,0.992,0.04,166,0.32,1.6,7
9.7,1.0002,0.054,126,0.38,14.8,5
10.9,0.9953,0.036,118,0.33,9.1,7
10.9,0.9951,0.048,192,0.3,8,5
12.7,0.9904,0.033,124,0.19,3.2,7
10,0.9944,0.037,132,0.44,1.3,5
9.8,1.0004,0.051,197,0.34,16.3,5
9,0.9956,0.059,118,0.33,4.7,7
10.1,0.9942,0.035,142,0.21,5.1,7
8.6,0.9977,0.041,160,0.69,10.2,5
10.6,0.9934,0.034,127,0.33,4,7
10.6,0.9945,0.038,132,0.31,6.7,7
8.8,0.9963,0.045,183,0.31,8.4,5
10.1,0.9942,0.035,142,0.21,5.1,7
14,0.9894,0.025,120,0.21,2.6,7
11.4,0.9914,0.033,148,0.4,1.6,5
10.7,0.9938,0.036,117,0.39,6.7,5
8.6,0.9977,0.041,160,0.69,10.2,5
11.5,0.9922,0.028,191,0.45,4.9,7
12.6,0.9903,0.029,87,0.15,2,7
12.6,0.9893,0.024,76,0.27,1.7,7
12.6,0.9903,0.029,87,0.15,2,7
10.7,0.9937,0.047,102,0.4,1.6,5
10.5,0.9922,0.04,64,0.13,1.4,5
9.7,0.9976,0.037,216,0.34,8.3,5
10.5,0.9922,0.04,64,0.13,1.4,5
9,0.9974,0.042,138,0.16,12.9,5
11.4,0.9911,0.04,89,0.39,1.45,7
10.8,0.9944,0.042,124,0.45,1.6,5
10.9,0.9937,0.044,135,0.4,1.5,5
12.9,0.989,0.038,166,0.29,1.95,7
12,0.992,0.042,99,0.29,5.85,7
9.5,0.9928,0.047,100,0.27,1.3,5
11.8,0.9918,0.031,117,0.29,5.3,7
9.1,0.9988,0.043,162,0.31,14.35,5
10,0.994,0.053,114,0.42,2.3,5
10.4,0.9953,0.042,127,0.34,4.7,5
9.5,0.996,0.058,133,0.46,3.2,5
11.5,0.9937,0.034,91,0.49,6.9,5
10.2,0.998,0.052,146,0.49,7.3,5
9.5,0.996,0.058,133,0.46,3.2,5
10.5,0.9933,0.048,131,0.3,1.6,5
10.5,0.9933,0.047,132,0.32,1.5,5
8.9,0.9959,0.041,223,0.18,7.5,5
10.6,0.9936,0.031,151,0.32,1.1,5
9.5,0.9953,0.041,188,0.32,1.3,5
9.5,0.9952,0.038,220,0.23,7.2,5
8.9,0.9959,0.042,219,0.17,7.6,5
8.9,0.9959,0.041,223,0.18,7.5,5
10.2,0.9946,0.043,151,0.41,7.4,7
10.4,0.9946,0.03,129,0.32,6.3,5
9.5,0.9927,0.039,82,0.27,0.8,5
11,0.9918,0.037,74,0.38,1,5
9.6,0.9954,0.03,118,0.45,5.4,5
11.4,0.9931,0.045,101,0.33,2,5
9.1,0.9965,0.042,173,0.41,8.6,5
9.4,0.9984,0.039,198,0.35,11.1,7
9.2,0.9956,0.036,167,0.4,2.8,5
9.4,0.9949,0.044,109,0.25,4.5,5
9.6,0.9954,0.03,118,0.45,5.4,5
11.4,0.9931,0.045,101,0.33,2,5
12.8,0.9912,0.033,138,0.32,4.1,7
8.9,0.9978,0.065,225,0.64,11.8,5
9.3,0.9938,0.048,184,0.37,1.2,5
9.6,0.9944,0.068,55,0.47,1.6,5
10.7,0.9948,0.024,135,0.26,5.2,7
9.1,0.9998,0.042,129.5,0.4,14.75,7
10.7,0.9948,0.024,135,0.26,5.2,7
9.1,0.9998,0.042,129.5,0.4,14.75,7
10.7,0.9939,0.02,93,0.37,6.9,7
10.8,0.9922,0.028,75,0.37,1.5,7
9,0.9955,0.046,192,0.38,7.8,5
9.4,0.9954,0.047,200,0.32,1.5,5
9,0.9955,0.046,192,0.38,7.8,5
9.7,0.9958,0.064,188,0.39,6.7,5
10.6,0.9959,0.045,169,0.42,7.1,5
9.2,0.9993,0.301,220,0.38,12.1,5
12.5,0.992,0.034,127,0.32,6,7
10.6,0.9959,0.045,169,0.42,7.1,5
12.3,0.9908,0.033,102,0.39,2.3,7
12.3,0.9908,0.033,102,0.39,2.3,7
10.5,0.9943,0.039,110,0.38,6.5,5
12.4,0.992,0.03,114,0.37,4.5,7
12.6,0.992,0.033,93,0.37,5.85,7
10.5,0.993,0.036,195,0.31,1.7,5
10.9,0.9928,0.024,116,0.39,3.6,5
13.5,0.9896,0.041,128,0.37,2.7,7
9.7,0.998,0.042,164,0.48,2.2,5
10.6,0.9938,0.036,187,0.42,2.1,7
13.3,0.9918,0.033,141,0.42,6.6,7
13.5,0.9896,0.041,128,0.37,2.7,7
10.1,0.9944,0.037,131,0.22,5.1,5
10.6,0.9953,0.055,167,0.4,5.2,7
10.8,0.9925,0.045,73,0.31,1.1,7
10.4,0.9981,0.051,195,0.44,10.7,5
10.5,0.9952,0.034,160,0.23,5.15,7
9.3,0.9927,0.049,150,0.33,1.1,5
12.2,0.9911,0.037,165,0.41,1.8,7
9.2,0.9936,0.138,150,0.73,1,5
9.9,0.9938,0.036,73,0.35,1.2,5
11.1,0.9963,0.059,174,0.34,7.4,7
8.6,1.0003,0.044,163,0.42,14.6,7
9.4,0.9966,0.04,145,0.29,10.5,5
8.6,1.0003,0.044,163,0.42,14.6,7
10.9,0.9938,0.037,126,0.47,1.1,5
9.4,0.9965,0.169,162,0.31,5.3,5
10.9,0.9938,0.037,126,0.47,1.1,5
8.6,1.0003,0.044,163,0.42,14.6,7
9.4,0.9966,0.04,145,0.29,10.5,5
12.1,0.9911,0.028,168,0.34,1.8,7
8.7,0.9977,0.039,147,0.74,10.7,5
12.1,0.9911,0.028,168,0.34,1.8,7
11.4,0.9912,0.05,147,0.29,1.8,7
12.9,0.9907,0.032,110,0.4,1.6,7
12.8,0.9902,0.029,109,0.33,1.4,7
12.6,0.9925,0.045,122,0.38,6.8,7
11.5,0.9928,0.042,166,0.28,4.75,5
11.4,0.9939,0.032,176,0.4,7.7,5
9.3,1,0.038,228,0.71,17.35,5
10.7,0.9948,0.05,114,0.45,1.8,7
9.5,0.9958,0.049,142,0.59,1.5,5
10.5,0.9938,0.04,160,0.54,1.3,5
9.6,0.9949,0.046,186,0.42,1.3,5
10.8,0.9927,0.039,177,0.34,1.4,5
8.8,0.9955,0.038,234,0.53,6.6,5
11,0.9924,0.093,161,0.26,1.7,5
12.8,0.9911,0.04,114,0.48,2.3,7
9.5,0.994,0.052,104,0.43,2.1,5
9.5,0.994,0.05,108,0.41,2.2,5
9.3,1.0004,0.05,210,0.64,17,7
10,0.9956,0.048,251,0.3,6.4,5
10,0.9956,0.048,251,0.3,6.4,5
10.4,0.9931,0.029,151,0.23,2,5
12.2,0.9928,0.039,163,0.39,6.2,7
11.9,0.9936,0.039,162,0.4,6.3,7
12.8,0.9917,0.034,122,0.39,3.9,7
12.7,0.9906,0.027,130,0.33,3.9,7
10,0.9956,0.048,251,0.3,6.4,5
9,0.9955,0.04,179,0.3,1.8,5
11.4,0.9907,0.04,143,0.41,1.1,5
10.8,0.9922,0.04,132,0.32,1.4,7
10.6,0.9948,0.038,189.5,0.28,5.7,7
11.3,0.9906,0.04,115,0.33,1.4,7
11.4,0.9907,0.04,143,0.41,1.1,5
10.1,0.9927,0.046,140,0.28,1.2,7
8.9,0.9958,0.058,115,0.24,3.8,5
9.3,0.9984,0.168,185,0.47,14.15,5
12,0.9944,0.042,162,0.41,9.2,7
12.4,0.9902,0.032,121,0.34,2.7,7
11.2,0.9911,0.032,130,0.32,1.7,7
11.1,0.9918,0.047,132,0.3,1.6,7
12,0.9932,0.044,152,0.32,8.5,7
12.3,0.992,0.039,98,0.3,5.7,7
9.5,0.9956,0.042,138,0.29,1.3,5
13.7,0.9907,0.039,116,0.13,4.5,7
11.3,0.9918,0.044,143,0.29,1.2,7
13.7,0.9907,0.039,116,0.13,4.5,7
12.3,0.9898,0.039,98,0.33,1.6,7
11.3,0.9918,0.044,143,0.29,1.2,7
8.9,0.9986,0.05,200,0.36,13.1,7
8.9,0.9986,0.05,200,0.36,13.1,7
8.9,0.9986,0.05,200,0.36,13.1,7
11.6,0.9938,0.043,73,0.48,6.6,5
8.9,0.9986,0.05,200,0.36,13.1,7
9.3,0.9932,0.038,63,0.02,0.8,5
10.2,0.992,0.044,132,0.74,1,5
10.8,0.9916,0.04,103,0.74,1.6,7
9.1,0.9925,0.051,105,0.24,1.1,5
11.3,0.9917,0.042,156,0.49,1.1,5
10.4,0.9923,0.033,81,0.49,1.1,7
9.6,0.9928,0.051,87,0.49,1.5,5
9.6,0.9928,0.051,87,0.49,1.5,5
12.1,0.9902,0.03,94,0.49,2.9,7
11.3,0.9917,0.042,156,0.49,1.1,5
9.6,0.9982,0.053,94,0.24,14.2,5
9.2,1.0005,0.051,243,0.74,17.85,5
10.4,0.9923,0.033,81,0.49,1.1,7
9.5,0.9951,0.05,210,0.49,7.1,5
8.9,0.9956,0.052,226,0.49,7.6,5
8.8,0.998,0.05,162,0.74,13.6,5
10.5,0.9928,0.057,117,0.24,1.4,5
9.4,0.9938,0.061,117,0.49,1.2,5
9.3,0.9929,0.048,138,0.49,1.1,5
11.8,0.9958,0.034,156,0.49,14,7
9.2,1.0012,0.054,231,0.49,19.8,5
9.2,0.9968,0.069,150,0.74,11.2,5
10.2,0.9931,0.044,163,0.74,0.8,5
12.3,0.9903,0.03,96,0.49,3,7
9.8,0.9928,0.046,60,0.24,1.6,5
9.3,0.9929,0.048,138,0.49,1.1,5
11.8,0.9958,0.034,156,0.49,14,7
11.4,0.9911,0.052,48,0.49,1.35,5
10.7,0.9962,0.028,184,0.49,8.7,5
9.3,0.9998,0.037,187,0.74,17.85,5
11.1,0.9918,0.031,97,0.49,1.3,5
10,0.9964,0.046,188,0.49,9.4,5
12.3,0.9938,0.03,197,0.49,9.6,7
10.4,0.9934,0.039,62,0.24,1.1,5
12.1,0.99,0.044,126,0.49,1.2,7
11,0.994,0.03,132,0.49,9.3,7
10.1,0.9938,0.04,169,0.49,1.7,5
9.2,0.9933,0.034,121,0.24,1.2,5
12.6,0.9909,0.039,124,0.24,4.6,7
9.8,0.9945,0.041,130,0.49,1.5,7
10.5,0.993,0.053,144,0.49,1.6,5
10,0.9942,0.061,145,0.49,1.8,5
11,0.9939,0.034,134,0.49,9.4,7
11,0.994,0.03,132,0.49,9.3,7
10.1,0.9938,0.04,169,0.49,1.7,5
9.2,0.9933,0.034,121,0.24,1.2,5
11,0.9927,0.041,164,0.49,1.4,5
8.7,0.9981,0.037,156,0.74,12.5,5
8.7,0.9981,0.037,156,0.74,12.5,5
11.2,0.9943,0.037,174,0.49,8.1,7
11.1,0.9941,0.049,209,0.49,7.7,7
9.9,0.9926,0.028,24,0.49,1,5
9.9,0.9926,0.028,24,0.49,1,5
12.6,0.9912,0.038,152,0.49,1.8,7
11,0.9962,0.057,156,0.49,7.6,7
11.2,0.9965,0.056,164,0.49,8.2,7
10.7,0.9932,0.032,148,0.49,1.3,7
10.1,0.9958,0.059,112,0.49,2,5
12.2,0.99,0.027,126,0.49,1.5,7
10.1,0.9958,0.059,112,0.49,2,5
9.2,0.9996,0.046,158,0.49,18.05,5
9.9,0.9946,0.055,110,0.49,1.8,5
9.9,0.9945,0.038,157,0.74,5,5
9.9,0.9946,0.041,159,0.74,4.6,5
10.3,0.9931,0.045,116,0.49,3.1,5
10.1,0.9978,0.046,168,0.74,11.9,5
9.5,1.0004,0.046,119,0.49,15.4,5
11.9,0.9934,0.039,108,0.49,7.4,7
10.1,0.9978,0.046,168,0.74,11.9,5
8.7,0.9982,0.039,165,0.74,13.5,5
9.8,0.9948,0.042,147,0.49,1.3,5
8.7,0.9982,0.039,165,0.74,13.5,5
11.9,0.9906,0.034,122,0.01,2.7,5
12.7,0.9906,0.034,77,0.24,4.7,5
13.5,0.98815,0.034,53,0.24,1.9,7
9.5,0.9942,0.048,137,0.01,2.8,5
9.5,0.9935,0.04,118,0.49,4.9,7
8.6,1.0024,0.057,235,0.49,23.5,5
10,0.9968,0.048,212,0.49,11.8,7
11.3,0.9919,0.027,87,0.49,3.2,7
10.6,0.9928,0.035,120,0.49,1.5,7
10.8,0.9958,0.035,131,0.49,11.7,5
11.3,0.9919,0.027,87,0.49,3.2,7
9.4,0.9956,0.05,131,0.49,1.6,5
10.5,0.993,0.039,131,0.49,1,7
9.4,0.9956,0.05,131,0.49,1.6,5
11.4,0.993,0.053,121,0.24,1.8,5
11,0.9938,0.037,110,0.49,6.7,7
10,0.9952,0.043,149,0.49,7,5
9.2,0.9988,0.239,220,0.49,13,5
10.5,0.993,0.042,105,0.49,3.8,5
10,0.9952,0.043,149,0.49,7,5
9.1,0.9998,0.058,134,0.49,15.55,7
10.2,0.9971,0.049,144,0.49,12.3,7
9.1,0.9998,0.058,134,0.49,15.55,7
10.5,0.9962,0.048,149,0.49,9.4,7
12.1,0.99,0.036,99,0.49,1.2,7
10.2,0.9942,0.045,100,0.49,1.6,5
12.8,0.9912,0.044,131,0.49,3.95,7
9,0.9956,0.052,184,0.49,7.4,5
10.2,0.9936,0.046,142,0.49,1.3,5
9.2,0.9929,0.048,98,0.49,1.1,5
8.8,0.9964,0.05,220,0.49,7.7,5
9.3,0.996,0.049,217,0.49,7.7,5
10.8,0.9914,0.047,114,0.49,1.4,7
10.8,0.9938,0.04,84,0.56,1,5
10.5,0.9922,0.033,72,0.33,1.2,7
11.4,0.9936,0.028,87,0.3,6.5,7
9.3,0.9951,0.138,168,0.31,4.8,5
9.3,0.9951,0.137,163,0.31,5.3,5
8.9,0.9961,0.047,224,0.32,8.8,5
11.4,0.9936,0.028,87,0.3,6.5,7
10.1,0.9944,0.034,117,0.2,5.7,5
9,1.0008,0.054,197,0.34,18.35,5
9,0.9986,0.055,205,0.28,14.4,7
9,0.9986,0.055,205,0.28,14.4,7
9.1,1,0.049,195,0.33,17.85,7
9,0.9986,0.055,205,0.28,14.4,7
10,0.9982,0.047,147,0.37,9.4,5
9.1,1,0.049,195,0.33,17.85,7
9,0.9986,0.055,205,0.28,14.4,7
10.2,0.9955,0.048,198,0.22,8.6,5
10.3,0.9969,0.033,208,0.36,11.1,5
9.6,0.9954,0.058,151,0.42,6.4,5
9.6,0.9955,0.057,148,0.42,6.4,5
9.6,0.9998,0.056,179,0.29,16.95,5
9.8,0.9984,0.055,180,0.3,13.6,5
10.5,0.9924,0.032,67,0.24,1.6,5
10.8,0.9939,0.037,120,0.3,6.1,5
9.4,0.9953,0.123,116,0.24,6.6,5
10.8,0.9941,0.044,180,0.39,2.6,7
10.9,0.995,0.052,190,0.48,2.7,7
9.4,0.9953,0.123,116,0.24,6.6,5
11.9,0.9906,0.031,111,0.04,2.5,5
8.7,0.9948,0.052,104,0.23,3.1,5
10,0.9946,0.054,101,0.38,1.8,5
9.1,0.9932,0.133,136,0.58,1.1,5
8.6,0.9977,0.053,238,0.31,12,5
9.9,0.994,0.05,87,0.29,4.8,5
10.9,0.9929,0.044,102,0.24,1.2,5
11.4,0.9921,0.046,153,0.28,2.5,7
10.2,0.9934,0.049,141,0.25,1.4,7
9.3,0.9961,0.053,202,0.25,8,5
8.8,0.9967,0.056,215,0.23,8.6,5
10.6,0.9926,0.038,53,0.28,1.2,5
9.3,0.99605,0.046,224,0.2,8.7,5
11,0.9916,0.037,98,0.27,1.5,7
9.3,0.9961,0.053,202,0.25,8,5
8.8,0.9967,0.056,215,0.23,8.6,5
8.8,0.9961,0.054,209,0.26,7.7,5
8.9,0.9955,0.051,179,0.22,1.7,5
10,0.9922,0.048,144,0.07,1.4,5
12.2,0.9918,0.046,102,0.28,4.5,7
9.8,0.999,0.069,163,0.35,14,5
9.8,0.9953,0.052,150,0.31,5.4,5
11.6,0.9932,0.038,127,0.29,6.8,7
11.8,0.9913,0.04,115,0.26,2.6,7
12.1,0.9909,0.033,158,0.3,2.1,7
12,0.9939,0.035,122,0.29,7.6,5
12.1,0.991,0.026,189,0.24,1.6,7
9.1,0.9954,0.042,176,0.3,1.4,5
9.3,0.9943,0.054,117,0.24,1.6,5
9.1,1.0002,0.062,187,0.31,17.95,5
9.4,0.9946,0.064,120,0.24,2,5
12,0.9918,0.037,126,0.32,1.4,5
9.5,0.9942,0.042,67,0.23,1.6,5
9.4,0.9974,0.065,119,0.39,12.4,5
9.4,0.9944,0.046,116,0.2,3.4,5
9.4,0.9974,0.065,119,0.39,12.4,5
9.4,0.9944,0.046,116,0.2,3.4,5
12.8,0.9911,0.03,100,0.29,4.1,7
12,0.9953,0.029,131,0.3,13.9,7
10.9,0.9926,0.035,110,0.31,1.7,5
12.8,0.9911,0.03,100,0.29,4.1,7
9,0.9974,0.033,165,0.12,11.5,5
10.4,0.9944,0.034,84,0.4,1.5,5
9,0.9974,0.033,165,0.12,11.5,5
11.3,0.9948,0.031,167,0.24,11.2,7
11.3,0.9948,0.031,167,0.24,11.2,7
12,0.9953,0.03,153,0.24,15.1,7
11.3,0.9948,0.031,167,0.24,11.2,7
12,0.9953,0.03,153,0.24,15.1,7
9.3,0.9988,0.211,213,0.42,12.6,5
11,0.992,0.037,102,0.29,2.2,7
10.5,0.9926,0.054,164,0.33,1,5
11,0.992,0.037,102,0.29,2.2,7
9,0.998,0.049,157,0.2,11.5,5
9,0.9966,0.041,180,0.58,7.9,5
9,0.998,0.049,157,0.2,11.5,5
9,1.0007,0.052,243,0.57,17.8,5
11,0.9925,0.046,181,0.25,1.6,7
10.4,0.9934,0.049,127,0.31,1.6,7
10.3,0.9955,0.058,107,0.39,2.4,5
10.5,0.9944,0.048,172,0.35,6.4,7
9.7,0.9946,0.056,176,0.34,1.6,5
9.7,0.9946,0.056,171,0.34,1.4,5
11.5,0.9924,0.054,104,0.31,2.3,7
9.5,0.9958,0.049,202,0.3,7.8,5
11.8,0.9932,0.031,144,0.27,7.3,7
10.1,0.9952,0.035,140,0.28,8.5,7
8.9,0.9976,0.047,166,0.2,16.05,5
8.9,0.9976,0.047,166,0.2,16.05,5
10.8,0.9938,0.034,154,0.31,7.35,5
9.2,0.9997,0.058,165,0.38,16.05,5
9.2,0.9991,0.045,213,0.42,14.3,5
9.2,0.9991,0.045,213,0.42,14.3,5
9.2,0.9991,0.045,213,0.42,14.3,5
10.2,0.9948,0.029,124,0.32,7.9,5
9,0.993,0.036,107,0.02,1,5
9.7,0.9988,0.05,178,0.41,13.6,5
9.6,1,0.049,185,0.4,17.85,5
10,0.9932,0.036,112,0.4,1.3,5
9.2,0.9991,0.045,213,0.42,14.3,5
9.1,0.9989,0.045,197,0.41,13.7,5
8.7,1,0.046,142,0.31,18.3,5
8.7,1,0.046,142,0.31,18.3,5
9.5,0.9952,0.056,161,0.44,6.5,5
12.6,0.99,0.03,104,0.31,1.9,7
10.4,0.9942,0.039,118,0.3,7.9,5
10.4,0.9932,0.04,106,0.27,1.2,5
10.6,0.9933,0.037,120,0.35,1.9,5
12,0.9916,0.029,158,0.3,2.7,7
12.5,0.9914,0.038,98,0.36,5.7,7
9.6,0.9966,0.062,126,0.34,9.3,5
9.2,0.9958,0.045,180,0.36,8.1,5
12.5,0.9914,0.038,98,0.36,5.7,7
9.2,0.9958,0.045,180,0.36,8.1,5
10.2,0.9976,0.052,158,0.33,11.1,7
9.6,0.9966,0.062,126,0.34,9.3,5
9.4,0.9953,0.055,127,0.19,4.9,5
10.4,0.9923,0.028,59,0.27,1.7,5
10.5,0.9926,0.052,169,0.28,1.6,5
10.2,0.9966,0.036,172,0.33,9.7,5
9.2,0.9964,0.083,182,0.65,8.3,5
10.2,0.9966,0.036,172,0.33,9.7,5
11.1,0.9938,0.08,172,0.27,4.6,7
9.9,0.9928,0.031,84,0.35,1.2,5
9,0.9959,0.052,143,0.32,7.6,5
8.6,1.0001,0.052,256,0.57,15,5
9,0.9959,0.052,143,0.32,7.6,5
8.6,1.0001,0.052,256,0.57,15,5
9.5,0.9968,0.041,195,0.44,11.6,5
9,0.9932,0.051,197,0.42,1.1,5
9,0.9932,0.051,197,0.42,1.1,5
10.2,0.9939,0.046,135,0.31,1.4,7
9.6,0.9952,0.054,160,0.44,6.7,5
9.7,0.9996,0.036,219,0.13,17.2,5
13,0.9925,0.028,142,0.36,8.2,7
9.7,0.9996,0.036,219,0.13,17.2,5
9,0.9973,0.063,169,0.28,11.1,5
9.9,0.9937,0.027,63,0.33,1.1,5
10.1,0.993,0.024,91,0.31,1,5
10.1,0.993,0.024,91,0.31,1,5
9.5,0.9959,0.039,123,0.47,1.3,5
9.9,0.9958,0.041,99,0.48,1.4,5
9,0.9958,0.046,173,0.42,6.9,5
9.5,0.997,0.044,186,0.35,9.2,7
11.7,0.9927,0.03,164,0.3,3.2,7
11.7,0.9927,0.03,164,0.3,3.2,7
9.2,0.9963,0.086,133,0.26,4.5,5
8.8,1.0011,0.084,139,0.26,18.35,5
8.8,1.0011,0.084,139,0.26,18.35,5
10.2,0.9973,0.057,208,0.37,7,5
10,0.9954,0.043,176,0.28,7.7,5
12.3,0.9912,0.034,102,0.3,3.3,7
9.6,0.9957,0.057,103,0.28,6.3,5
10,0.9922,0.04,145,0.09,1.4,5
10,0.9922,0.038,147,0.08,1.3,5
10,0.9948,0.043,159,0.39,1.8,5
12.2,0.9935,0.034,98,0.33,7.7,7
10,0.9948,0.043,159,0.39,1.8,5
11.1,0.9924,0.064,160,0.46,1.4,5
11.8,0.993,0.026,71,0.3,8.1,5
12.5,0.991,0.023,110,0.33,4.7,7
11.8,0.993,0.026,71,0.3,8.1,5
11.6,0.9922,0.049,136,0.34,2.1,7
9.2,0.9991,0.168,190,0.4,12.4,5
8.9,0.9948,0.16,149,0.71,1.3,5
10.1,0.9925,0.179,60,0.4,1.7,5
8.9,0.9958,0.046,180,0.15,8.1,5
10.7,0.9944,0.042,160,0.26,6.5,5
9.8,0.9987,0.049,183,0.33,12.7,5
11,0.9928,0.038,124,0.36,1.6,5
10.4,0.9926,0.018,72,0.28,1.1,5
10.7,0.9944,0.042,160,0.26,6.5,5
9,0.9949,0.029,104,0.27,4.6,5
10.6,0.9926,0.042,71,0.35,0.6,5
9,0.9949,0.029,104,0.27,4.6,5
10.6,0.9926,0.042,71,0.35,0.6,5
9.3,0.9982,0.046,126,0.43,9.2,5
9.6,0.9955,0.052,156,0.44,6.6,5
9.5,0.9955,0.05,155,0.44,7,5
9.7,0.9958,0.031,172,0.24,8.45,7
8.7,1.0001,0.042,146,0.27,18.15,5
8.7,1.0001,0.042,146,0.27,18.15,5
12.4,0.9918,0.026,101,0.29,4.1,5
12.4,0.9918,0.026,101,0.29,4.1,5
8.7,1.0001,0.042,146,0.27,18.15,5
12,0.9926,0.031,151,0.31,4.9,7
9,0.9966,0.044,227,0.37,8.3,5
8.8,0.9932,0.04,169,0.46,1.4,5
9.5,0.9969,0.04,223,0.44,11.5,5
11.4,0.9914,0.047,132,0.25,1.6,5
10.3,0.996,0.049,123,0.36,2.4,5
9.9,0.9934,0.05,127,0.28,1.8,5
10.2,0.9939,0.051,142,0.29,4.3,5
10.2,0.9939,0.051,146,0.29,4.4,5
12.1,0.9901,0.03,126,0.25,1.6,7
9.5,0.9953,0.043,164,0.27,5.6,5
9.8,0.9953,0.045,189,0.29,5.3,5
10.3,0.996,0.049,123,0.36,2.4,5
9.6,0.9948,0.039,124,0.32,1.6,5
9.6,0.9948,0.039,124,0.32,1.6,5
10.7,0.9959,0.046,95,0.14,10.7,5
10.6,0.9958,0.029,111,0.32,10.7,5
9.5,0.994,0.05,101,0.32,1.5,5
9.2,0.9964,0.044,172,0.19,8,5
9.5,0.9958,0.045,176,0.19,7.7,5
9.2,0.9932,0.043,93,0.03,2.7,5
9.4,0.9986,0.052,136,0.53,15.1,5
9.4,0.9986,0.052,136,0.53,15.1,5
9.3,0.9988,0.048,146,0.4,8.9,5
9.1,0.9953,0.05,129,0.34,6,5
9.5,0.9983,0.046,145,0.33,12.3,5
10.6,0.9951,0.043,153,0.3,6.7,5
9.5,0.9983,0.046,145,0.33,12.3,5
8.7,0.9981,0.047,237,0.3,11.1,5
8.8,0.9936,0.056,128,0.15,1.5,5
10.6,0.9951,0.043,153,0.3,6.7,5
9.1,0.9953,0.05,129,0.34,6,5
9,1.0005,0.057,234,0.47,15.2,5
8.8,1.0001,0.05,138,0.25,17.1,5
8.8,1.0001,0.05,138,0.25,17.1,5
8.8,1.0001,0.05,138,0.25,17.1,5
9.9,0.9934,0.05,93,0.15,1.9,5
8.8,1.0001,0.05,138,0.25,17.1,5
10.8,0.993,0.04,117,0.32,1.2,5
9,0.9967,0.076,154,0.27,10.7,5
12.2,0.9918,0.035,109,0.28,4.9,7
9.9,0.998,0.051,173,0.33,12.6,5
9,0.9967,0.076,154,0.27,10.7,5
12.2,0.9918,0.035,109,0.28,4.9,7
10.1,0.9957,0.048,163,0.22,12.15,5
9.3,0.9986,0.056,174,0.28,12,5
9.5,0.9958,0.062,344,0.38,1.7,5
11.7,0.9918,0.036,115,0.39,1.4,5
11,0.9923,0.04,144,0.24,1.9,5
10.1,0.9966,0.054,224,0.26,7.1,5
10.1,0.9966,0.054,224,0.26,7.1,5
10.4,0.994,0.06,102,0.32,8.7,5
9.2,0.9972,0.056,105,0.64,13.2,5
9.6,0.9998,0.056,117,0.35,15.3,5
9.6,0.9998,0.056,117,0.35,15.3,5
9,0.9982,0.047,179,0.52,13.2,5
11.5,0.9924,0.037,89,0.32,2.7,7
10.6,0.9962,0.04,142,0.2,15.6,5
9.2,0.9972,0.056,105,0.64,13.2,5
9.6,0.9998,0.056,117,0.35,15.3,5
10.7,0.9962,0.035,181,0.33,8.75,5
12.4,0.99,0.03,79,0.28,4,7
11.6,0.998,0.028,130,0.28,18.8,5
9.4,0.9944,0.069,162,0.31,1.8,5
9.4,0.9944,0.069,162,0.31,1.8,5
9.1,0.9986,0.053,229,0.3,12.8,7
9.1,0.9986,0.053,229,0.3,12.8,7
9.1,0.9986,0.053,229,0.3,12.8,7
9.1,0.9986,0.053,229,0.3,12.8,7
9.1,0.9986,0.053,229,0.3,12.8,7
9.2,0.996,0.042,117,0.13,7.8,5
9.2,0.9999,0.05,163,0.58,16.75,5
9.1,0.9986,0.053,229,0.3,12.8,7
9.1,0.9986,0.053,212,0.3,12.8,7
9.2,0.996,0.042,117,0.13,7.8,5
9,0.9951,0.06,126,0.24,5.4,7
9.2,0.9999,0.05,163,0.58,16.75,5
10,0.9963,0.041,146,0.27,10.9,5
9.5,0.995,0.04,141,0.24,6.6,5
9.5,0.997,0.051,94,0.31,11.7,7
9.5,0.9936,0.217,74,0.81,1.2,5
9.5,0.9935,0.056,137,0.18,1.4,5
9.7,0.9981,0.037,145,0.35,10.7,5
9.5,0.9935,0.056,137,0.18,1.4,5
9.7,0.996,0.051,187,0.19,8.2,5
9.1,0.9962,0.069,157,0.23,7.3,5
9.7,0.996,0.051,187,0.19,8.2,5
9.9,0.994,0.058,167,0.38,2.1,5
9.9,0.9944,0.059,175,0.33,2,5
10.2,0.9974,0.056,178,0.34,10,5
11.3,0.9922,0.045,138,0.24,3.9,7
11.4,0.9917,0.031,128,0.3,2,5
9.9,0.9936,0.058,150,0.26,1.6,7
11.4,0.9917,0.031,128,0.3,2,5
10,0.9941,0.051,96,0.37,1.3,5
12.5,0.9898,0.027,134,0.36,2.2,7
11.4,0.9957,0.051,157,0.28,10.8,7
11.4,0.9957,0.051,157,0.28,10.8,7
8.9,0.9983,0.046,177,0.58,12.1,5
8.9,0.9982,0.046,179,0.61,12,5
9.5,0.997,0.042,124,0.36,11.6,7
9.5,0.997,0.042,124,0.36,11.6,7
9.7,0.99516,0.049,164,0.35,1.6,5
9.7,0.99496,0.067,90,0.38,6.1,5
9.4,0.99579,0.04,184,0.19,7.8,5
9.1,0.99644,0.042,180,0.18,8.2,5
9.4,0.99579,0.04,184,0.19,7.8,5
8.8,0.99699,0.094,169,0.45,10.6,5
10.4,0.99758,0.047,171,0.42,11.2,5
8.9,0.9977,0.043,228,0.14,11.6,5
10.6,0.99397,0.031,141,0.24,7.1,7
9,0.9962,0.048,186,0.18,7.7,5
10.5,0.99384,0.042,101,0.29,1.4,7
9.5,0.99582,0.046,174,0.2,7.7,5
9,0.9962,0.048,186,0.18,7.7,5
10.4,0.99212,0.039,128,0.35,1.4,5
9.3,0.99748,0.049,205,0.28,10.4,5
9.3,0.99748,0.049,205,0.28,10.4,5
9,0.99827,0.056,159,0.21,15.7,5
9,0.99827,0.056,159,0.21,15.7,5
10.6,0.99479,0.027,167,0.32,6.5,5
10.5,0.99382,0.051,107,0.25,1.4,7
10.1,0.99537,0.053,94,0.32,6.2,5
10.5,0.99382,0.051,107,0.25,1.4,7
8.7,0.99468,0.148,149,0.52,1.3,5
9.5,0.99907,0.049,210,0.26,15.6,5
9.5,0.99907,0.049,210,0.26,15.6,5
9.5,0.99907,0.049,210,0.26,15.6,5
9.5,0.99907,0.049,210,0.26,15.6,5
9.4,0.99471,0.158,144,0.24,4.9,5
9.4,0.99471,0.157,145,0.23,5,5
9.5,0.99907,0.049,210,0.26,15.6,5
12.6,0.99148,0.037,97,0.28,6.5,7
10.5,0.99383,0.047,106,0.24,1.4,7
12.6,0.99148,0.037,97,0.28,6.5,7
12.2,0.99235,0.031,115,0.31,6.4,7
10.6,0.9946,0.04,168,0.31,7.2,7
12.2,0.99235,0.031,115,0.31,6.4,7
12.6,0.99084,0.043,125,0.33,2.3,7
9.4,0.99856,0.058,125,0.28,12.05,5
9,0.99591,0.055,194,0.18,7,5
9.1,0.9975,0.051,126,0.18,11.8,5
12.2,0.99173,0.04,143,0.3,5,7
10,0.99378,0.049,134,0.2,2.2,5
9.2,0.99805,0.053,159,0.55,14.6,5
9.3,0.99534,0.045,139,0.3,1.6,5
9.2,0.99805,0.053,159,0.55,14.6,5
12,0.99078,0.036,132,0.26,2.8,7
9.3,0.99534,0.045,139,0.3,1.6,5
12.6,0.99061,0.029,80,0.3,3.3,7
12,0.9912,0.038,116,0.31,1.6,7
8.8,0.99779,0.045,153,0.62,10.6,5
12.7,0.99096,0.035,84,0.32,1.7,7
10.2,0.99426,0.053,178,0,1.4,5
9.4,0.99595,0.045,190,0.21,7.2,5
9.7,0.99687,0.038,111,0.55,11.95,5
9.7,0.99687,0.038,111,0.55,11.95,5
9.8,0.99445,0.054,175,0.4,2.2,5
10.5,0.99154,0.032,161,0.32,1.4,5
8.9,1.00241,0.058,212,0.35,17.8,5
10.3,0.99716,0.048,118,0.34,10.2,5
10.6,0.99437,0.041,198,0.22,4.8,5
9.7,0.99756,0.051,167,0.3,8.4,5
9.7,0.99756,0.051,167,0.3,8.4,5
10.5,0.99254,0.032,149,0.27,1.4,5
9.5,0.99782,0.168,184,0.4,10.1,5
10,0.99942,0.048,212,0.22,13.3,5
10.7,0.99256,0.044,89,0.26,1.4,7
12.5,0.9918,0.024,130,0.33,7,7
11.5,0.99244,0.028,93,0.37,1.2,5
9.4,0.99831,0.04,221,0.27,12.9,5
9.3,0.99396,0.157,129,0.27,5,5
9.7,0.99524,0.05,102,0.46,3.75,5
9.7,0.99802,0.053,182,0.26,12.6,5
9.2,0.99512,0.06,204,0.24,1.3,5
9.8,0.99438,0.092,138,0.35,1.6,5
9,0.99679,0.05,227,0.44,7.6,5
10.5,0.99511,0.039,107,0.24,6,7
9.2,0.99582,0.099,202,0.73,7.2,5
9.3,1.00098,0.063,282,0.56,16.45,5
8.7,0.99841,0.042,160,0.68,12.9,5
9.6,0.9938,0.091,135,0.34,1.5,7
8.7,0.99806,0.056,252,0.55,12.9,5
10.3,0.9961,0.059,199,0.29,3.9,5
9.1,1.00016,0.047,218,0.25,17.75,5
9.6,0.99587,0.046,130,0.46,1.8,5
9.5,0.99558,0.044,188,0.18,8.5,5
9.1,0.99741,0.044,214,0.1,13,5
10,0.99397,0.05,106,0.3,2.3,5
9,0.99713,0.044,204,0.09,11.4,5
9.5,0.99274,0.032,98,0.16,0.9,5
9.1,1.00118,0.07,207,0.41,19.35,5
13.3,0.99176,0.031,118,0.32,7.9,7
9.5,0.9969,0.045,198,0.43,11.75,5
9.2,0.99771,0.096,210,0.18,7.7,5
9.2,0.99771,0.096,210,0.18,7.7,5
9.4,0.99577,0.042,195,0.17,8.3,5
9,0.99564,0.045,177,0.14,7.05,5
9.4,0.99578,0.044,198,0.17,8.4,5
9.4,0.99594,0.056,183,0.28,9.4,5
9.4,0.99594,0.056,183,0.28,9.4,5
10,0.99434,0.147,159,0.26,6.3,5
9.2,0.998,0.063,201,0.32,14.6,5
10,0.99316,0.052,219.5,0.33,2.5,5
9.2,0.998,0.063,201,0.32,14.6,5
10,0.99314,0.051,210,0.34,2.6,5
10,0.99316,0.052,210,0.33,2.5,5
9.4,0.99642,0.037,157,0.15,10,5
9.4,0.99642,0.037,157,0.15,10,5
11,0.99248,0.027,136,0.27,1.6,7
9,0.99954,0.036,201,0.3,16,5
9.2,0.99822,0.045,147,0.24,16.05,5
9.2,0.99822,0.045,147,0.24,16.05,5
9.5,0.99402,0.053,71,0.33,2.6,5
9.5,0.99404,0.053,72,0.33,2.5,5
10.3,0.99787,0.039,184,0.26,10.8,7
8.8,0.99347,0.053,124,0.15,1.2,5
8.7,0.99838,0.041,161,0.78,12.1,5
8.7,0.99839,0.04,159,0.79,11.95,5
9.5,0.9936,0.049,118,0.1,1.4,5
9.5,0.99434,0.056,176,0.34,1.3,5
11.6,0.9922,0.022,174,0.4,6.3,7
11.1,0.99076,0.035,83,0.31,1.5,7
9.8,0.99496,0.071,117,0.09,1.5,5
11.1,0.99076,0.035,83,0.31,1.5,7
10.2,0.99289,0.049,113,0.3,1,5
9,0.9959,0.05,191,0.16,7.5,5
8.8,0.99662,0.079,122,0.32,10.3,5
9.5,0.99466,0.075,201,0.24,5.3,5
10.2,0.99238,0.043,155,0.22,1.5,5
10.8,0.99645,0.031,96,0.25,11.3,5
8.8,1,0.046,133,0.36,18.1,5
8.8,1,0.046,133,0.36,18.1,5
8.8,1,0.046,133,0.36,18.1,5
9.8,0.99513,0.039,191,0.4,6.4,5
12.3,0.99166,0.032,140,0.31,5.2,7
9,0.99732,0.053,134,0.57,10.4,5
9.8,0.99214,0.032,145,0.36,1.4,5
12.3,0.99165,0.029,148,0.3,4.7,7
11.9,0.99004,0.018,37,0.3,3.1,7
11.9,0.99004,0.018,37,0.3,3.1,7
9.2,0.99596,0.04,216,0.55,8.1,5
9.7,0.99898,0.054,174,0.23,14.8,5
11.5,0.99114,0.029,138,0.33,1.4,7
11.6,0.99306,0.053,174,0.38,3.5,5
9.7,0.99898,0.054,174,0.23,14.8,5
11.5,0.99114,0.029,138,0.33,1.4,7
9,0.99772,0.044,158,0.13,12.8,5
10.8,0.99479,0.046,149,0.3,11.2,5
10.7,0.99207,0.043,95,0.3,1.7,7
10,0.99228,0.028,111,0.18,1.5,5
10.6,0.99706,0.03,177,0.34,12.1,5
10.6,0.99669,0.029,166,0.34,10.7,5
9.6,0.99662,0.046,175,0.38,7.5,5
9.4,0.99475,0.052,128,0.14,4.8,5
9.3,0.99944,0.052,188,0.47,16.9,5
9.4,0.99475,0.052,128,0.14,4.8,5
9.4,0.9966,0.046,110,0.52,11.3,5
11.2,0.99066,0.043,146,0.42,1.1,7
11.2,0.9907,0.043,150,0.44,1.2,7
11.2,0.99066,0.043,146,0.42,1.1,7
8.8,0.998,0.033,170,0.64,12.9,5
11.2,0.9907,0.043,150,0.44,1.2,7
11.2,0.99066,0.043,146,0.42,1.1,7
9.4,0.99307,0.079,137,0.65,1.2,5
9.6,0.99696,0.052,131,0.22,10,5
9.4,0.99307,0.079,137,0.65,1.2,5
8.9,0.99902,0.048,240,0.16,14.9,5
12.3,0.98992,0.021,80,0.24,1.8,7
11.4,0.99182,0.028,132,0.28,1.8,5
11.4,0.99182,0.028,132,0.28,1.8,5
9.9,0.99352,0.026,56,0.28,1.3,5
9.7,0.9946,0.035,185,0.36,4.9,5
10.5,0.99273,0.043,154,0.24,1.9,5
9.4,0.99582,0.039,227,0.4,10,5
9.6,0.99553,0.037,206,0.36,8.6,5
12.6,0.98914,0.014,104,0.27,1.7,7
10.4,0.99976,0.053,174,0.26,18.95,5
9,0.99808,0.062,171,0.3,12.8,7
9,0.99808,0.062,171,0.3,12.8,7
9,0.99808,0.062,171,0.3,12.8,7
9,0.99808,0.062,171,0.3,12.8,7
9,0.99808,0.062,171,0.3,12.8,7
9,0.99808,0.062,171,0.3,12.8,7
9,0.99808,0.062,171,0.3,12.8,7
11,0.99615,0.059,152,0.3,8.5,7
10.8,0.99296,0.038,144,0.29,1.5,5
10.8,0.99482,0.048,147,0.29,11.7,5
13.5,0.99079,0.028,107,0.13,5,7
10.6,0.99366,0.042,167,0.34,1.2,5
9.8,0.99434,0.046,208,0.31,2.1,5
9.8,0.99434,0.046,208,0.31,2.1,5
11.3,0.99059,0.042,132,0.42,1.1,7
9.4,0.99835,0.031,185,0.32,15.3,5
11.3,0.99159,0.025,107,0.29,2.8,7
11.3,0.99159,0.025,107,0.29,2.8,7
9.4,0.99691,0.053,177,0.46,11.1,5
9.4,0.9959,0.038,219,0.39,7.8,5
11.3,0.99159,0.025,107,0.29,2.8,7
9.4,0.99628,0.05,140,0.52,10.1,5
12,0.99076,0.021,80,0.37,3.2,5
10.3,0.99678,0.039,129,0.41,14.2,7
10.3,0.99678,0.039,129,0.41,14.2,7
10.3,0.99678,0.039,129,0.41,14.2,7
11.3,0.99089,0.026,126,0.21,2.9,7
8.7,1.0002,0.041,144,0.28,20.4,5
9.4,0.99628,0.05,140,0.52,10.1,5
11.3,0.99089,0.026,126,0.21,2.9,7
10.3,0.99678,0.039,129,0.41,14.2,7
12,0.99076,0.021,80,0.37,3.2,5
8,0.99332,0.033,159,0.21,0.95,5
10.4,0.99316,0.033,136,0.26,1.7,7
10.7,0.99272,0.029,128,0.23,1.7,7
10.9,0.99202,0.044,197,0,1.3,5
11.7,0.99064,0.012,100,0.28,2.4,7
8.6,0.99884,0.065,186,0.2,16,5
9,0.99773,0.034,174,0.27,11.4,5
8.7,1.00013,0.044,191,0.73,14.35,5
9,0.99773,0.034,174,0.27,11.4,5
8.7,1.00013,0.044,191,0.73,14.35,5
10.6,0.99642,0.042,158,0.35,15.8,5
9.7,0.99488,0.066,91,0.4,5.2,5
10.3,0.99527,0.047,151,0.22,5.2,5
10.1,0.99352,0.048,113,0.3,5.2,7
10.9,0.99199,0.046,71,0.36,1.2,7
9.3,0.99198,0.037,127,0.28,0.8,5
9.5,0.99561,0.066,162,0.39,6.9,5
9.3,0.99347,0.069,146,0.26,3.4,5
12.9,0.98936,0.018,80,0.31,2.3,7
8.7,0.99786,0.042,148,0.27,11,5
9.4,0.99705,0.081,303,0.22,5.95,5
10.1,0.9942,0.034,204,0.23,5.1,5
11.1,0.99116,0.05,129,0.42,1.2,7
10.3,0.99688,0.052,158,0.44,12.6,7
12.5,0.9914,0.03,91,0.34,6.6,7
9.3,0.9979,0.05,122,0.41,8.2,5
12.9,0.98892,0.03,142,0.31,2,7
11.2,0.99114,0.039,131,0.25,1.4,7
9.3,0.99583,0.046,179,0.4,7.5,5
12.9,0.98892,0.03,142,0.31,2,7
12.9,0.98892,0.03,142,0.3,2,7
9.5,0.99704,0.049,120,0.3,13.3,7
10.3,0.99334,0.032,120,0.25,5.6,7
10.3,0.99334,0.033,120,0.24,5.6,7
9.6,0.99304,0.042,144,0.17,1,5
9.6,0.99304,0.042,144,0.17,1,5
11.2,0.99126,0.029,98,0.36,2.6,7
9.2,0.99577,0.042,187,0.38,8,5
10.8,0.99216,0.043,104,0.37,1.5,5
11.5,0.99165,0.027,72,0.31,5,7
8.8,0.99924,0.038,133,0.36,16.3,5
8.8,0.99924,0.038,133,0.36,16.3,5
8.8,0.99924,0.038,133,0.36,16.3,5
8.8,0.99924,0.038,133,0.36,16.3,5
8.9,0.99976,0.044,184,0.34,13.7,5
8.9,0.99976,0.044,184,0.34,13.7,5
10,0.99296,0.049,155,0.22,1.3,5
9.1,0.9957,0.045,182,0.44,7.4,5
8.9,0.99976,0.044,184,0.34,13.7,5
12,0.99085,0.027,92,0.3,4.6,7
9.3,0.99873,0.043,171,0.64,13.9,5
12.3,0.99172,0.03,101,0.27,5.2,7
10.5,0.9972,0.045,153,0.32,16.4,5
11.4,0.99053,0.035,79,0.31,1.7,7
9.2,0.99858,0.06,190,0.22,6.2,5
9.7,0.9984,0.051,173,0.36,6.2,5
10,0.99335,0.049,135,0.34,2.6,5
11.4,0.99053,0.035,79,0.31,1.7,7
9.8,0.99532,0.047,95,0.28,9.1,7
9.3,0.99727,0.067,131,0.42,12,5
12.4,0.99026,0.034,100,0.28,4.8,7
9.3,0.99727,0.067,131,0.42,12,5
12.8,0.99015,0.032,99,0.22,4.3,7
10.6,0.98985,0.027,28,0.28,0.7,5
9.2,0.9971,0.082,240,0.18,6.4,5
9.2,0.99477,0.038,97,0.26,4.3,5
8.7,0.99354,0.06,154,0.15,1.3,5
10.7,0.99244,0.05,163,0.35,1.4,5
10.7,0.99244,0.05,163,0.35,1.4,5
8.8,0.99955,0.048,228,0.44,14.4,7
13.1,0.9892,0.026,138,0.32,3.6,7
12.5,0.99144,0.035,93,0.32,3.6,7
12.5,0.99144,0.035,93,0.32,3.6,7
11.4,0.99022,0.025,103,0.37,1.65,5
12.2,0.99032,0.036,117,0.34,1.9,5
9.1,0.99976,0.083,157,0.25,20.2,5
9.1,0.99976,0.083,157,0.25,20.2,5
9.4,0.99552,0.066,176,0.42,6.2,5
9.4,0.99552,0.065,178,0.43,6.2,5
9.2,0.99604,0.047,189,0.51,8,5
9.4,0.99584,0.046,183,0.44,8.2,5
13.5,0.98894,0.033,107,0.3,2.2,7
9.4,0.9963,0.053,151,0.53,10.1,5
13.5,0.98894,0.033,107,0.3,2.2,7
9.4,0.9963,0.053,151,0.53,10.1,5
11.4,0.99068,0.036,114,0.32,1.6,7
12.4,0.98964,0.036,125,0.37,1.3,7
9.2,0.99604,0.047,189,0.51,8,5
9.4,0.99584,0.046,183,0.44,8.2,5
8.9,0.99801,0.038,148,0.71,11.8,5
8.9,0.99802,0.039,151,0.72,9.6,5
12.2,0.99067,0.049,153,0.31,2.7,7
12.1,0.99066,0.025,100,0.31,3.6,7
10.9,0.9929,0.03,128,0.32,1.7,5
12.2,0.99067,0.049,153,0.31,2.7,7
13,0.98912,0.032,71,0.39,1,7
11,0.99066,0.038,72,0.24,0.9,5
10.8,0.99228,0.052,126,0.41,1.6,5
13,0.98912,0.032,71,0.39,1,7
9.2,0.99312,0.152,120,0.82,1.2,5
9.9,0.9968,0.056,241,0.46,6.2,5
10.5,0.99502,0.044,150,0.24,9.2,5
11.5,0.99084,0.034,138,0.31,1.2,7
11.5,0.99084,0.034,138,0.31,1.2,7
11.2,0.99644,0.044,170,0.32,16.2,5
10.8,0.99526,0.05,140,0.34,11.6,5
9.4,0.9954,0.064,186,0.43,7.2,5
11.3,0.99188,0.048,112,0.28,3.4,7
11.2,0.99132,0.033,82,0.29,2.3,7
11.1,0.98936,0.034,89,0.29,0.9,7
10.9,0.993,0.049,97,0.31,5.6,5
10.9,0.99311,0.028,87,0.29,7.4,7
11.2,0.99132,0.033,82,0.29,2.3,7
11.7,0.98993,0.035,86,0.34,1,5
10,0.99208,0.033,144,0.07,1.5,5
9.5,0.99776,0.169,210,0.37,10,5
9,0.99839,0.053,136,0.29,14.9,5
10,0.99574,0.052,86,0.34,9.3,5
11.9,0.99093,0.041,154,0.39,1,5
11.2,0.9924,0.027,143,0.26,5,7
12,0.98984,0.034,129,0.58,1.25,7
11.2,0.9924,0.027,143,0.26,5,7
12,0.98984,0.034,129,0.58,1.25,7
12.7,0.9889,0.021,121,0.32,1.4,7
10.6,0.99178,0.018,128,0.23,1.2,5
12.7,0.9889,0.021,121,0.32,1.4,7
12,0.98999,0.029,161,0.36,1.8,7
12.1,0.98976,0.03,121,0.36,1.5,7
10.7,0.99672,0.04,135,0.31,13.9,5
9.3,0.99482,0.045,162,0.55,5.9,5
10.7,0.99362,0.039,64,0.35,6.7,5
11.8,0.99075,0.033,94,0.28,2.7,7
9.9,0.99436,0.039,125,0.3,6.7,5
13.4,0.98988,0.047,81,0.33,3.95,7
12.8,0.99158,0.032,114,0.32,7.75,7
10.5,0.99195,0.042,101,0.31,1.6,5
11.5,0.99168,0.032,84,0.28,2.5,5
9,0.99848,0.054,234,0.46,9.7,5
12,0.9909,0.038,153,0.34,1.7,7
11.7,0.99014,0.044,68,0.36,1.4,7
10,0.9952,0.054,180,0.26,2,5
10.3,0.99652,0.055,218,0.39,7.5,5
9,0.99848,0.054,234,0.46,9.7,5
11.1,0.99104,0.032,78,0.28,0.8,5
9,0.99772,0.05,150,0.26,13.1,5
11.9,0.99076,0.028,92,0.32,2.2,7
9.4,0.99622,0.036,155,0.14,8.9,5
10.8,0.99114,0.034,114,0.32,0.9,7
9.8,0.9938,0.073,157,0.26,1.7,5
9.3,0.99594,0.047,183,0.46,6.9,5
9.5,0.99558,0.031,170,0.2,7.6,5
9.4,0.99622,0.036,155,0.14,8.9,5
11.9,0.99076,0.028,92,0.32,2.2,7
9.3,0.99413,0.046,199,0.3,1.2,5
13.5,0.98934,0.033,118,0.4,1.95,7
10.7,0.99449,0.038,118,0.32,8.75,5
10.1,0.99555,0.038,196,0.3,7.8,5
12,0.99216,0.036,140,0.31,9.1,7
12,0.99216,0.036,140,0.31,9.1,7
9.8,0.99215,0.028,66,0.29,0.7,5
9.8,0.99218,0.03,68,0.27,0.7,5
10.1,0.99555,0.038,196,0.3,7.8,5
10.6,0.99576,0.022,111,0.3,8.7,5
9.3,0.99601,0.037,173,0.46,8.3,5
9,0.9929,0.042,108,0.25,1.8,5
10,0.99471,0.044,101,0.22,1.6,5
9,0.9929,0.041,109,0.25,1.8,5
9,0.9929,0.042,108,0.25,1.8,5
12.4,0.99037,0.036,79,0.3,2.9,7
11.3,0.99304,0.042,123,0.24,6,5
10,0.99471,0.044,101,0.22,1.6,5
13.2,0.98951,0.016,90,0.26,5.45,7
11,0.99634,0.04,114,0.34,14.05,7
9.2,0.99792,0.112,94,0.38,13.1,5
13,0.99026,0.021,113,0.29,4.9,7
10.6,0.99362,0.044,128,0.24,1.3,5
11.5,0.99038,0.021,148,0.31,0.95,5
11.5,0.99038,0.021,148,0.31,0.95,5
9.9,0.99286,0.05,112,0.24,1.7,5
12.2,0.99119,0.034,123,0.26,7.9,7
12.4,0.99007,0.016,113,0.42,5,7
10.5,0.99507,0.033,97,0.28,11.1,7
10.9,0.99469,0.039,115,0.28,10.2,7
10.9,0.99469,0.039,115,0.28,10.2,7
10.9,0.99406,0.039,113,0.28,9.8,7
11.4,0.99305,0.034,103,0.31,6.3,7
12.6,0.98956,0.032,178,0.32,4.5,7
11.6,0.9921,0.034,152,0.28,6.3,7
10.5,0.99496,0.038,130,0.27,10.9,7
10.9,0.99406,0.039,113,0.28,9.8,7
10.9,0.99406,0.039,113,0.28,9.8,7
13.3,0.98802,0.025,112,0.3,1.3,7
10.9,0.99406,0.039,113,0.28,9.8,7
10.9,0.99469,0.039,115,0.28,10.2,7
10.5,0.99496,0.038,130,0.27,10.9,7
11.6,0.9921,0.034,152,0.28,6.3,7
11.4,0.99305,0.034,103,0.31,6.3,7
12.6,0.98956,0.032,178,0.32,4.5,7
13,0.9887,0.03,173,0.33,3.7,7
9.5,0.99388,0.061,218,0.31,1.35,5
9.7,0.99418,0.05,133,0.21,4,5
11,0.99178,0.045,152,0.29,1.2,7
10.4,0.99578,0.035,150,0.22,11.7,5
10.9,0.99264,0.036,92,0.46,1.6,5
11.3,0.99014,0.026,85,0.33,2.5,7
10.4,0.99489,0.054,189,0.34,3.5,5
10.8,0.99519,0.045,130,0.37,11.8,5
11.9,0.9908,0.041,167,0.53,1.2,5
9.4,0.99711,0.126,199,0.38,8.7,5
9.4,0.99711,0.126,199,0.38,8.7,5
10.4,0.9945,0.043,175,0.66,10.2,7
9.5,0.99427,0.042,102,0.36,4.5,5
13.4,0.98876,0.016,55,0.41,1.4,5
12.7,0.99174,0.026,114,0.37,5.4,5
9.1,0.99572,0.045,208,0.38,7.9,5
10.4,0.99454,0.046,176,0.54,7,5
10.4,0.99454,0.046,176,0.54,7,5
10.4,0.99454,0.046,176,0.54,7,5
9,0.99778,0.038,183,0.8,12.3,5
9,0.99778,0.038,183,0.8,12.3,5
12.1,0.99274,0.028,82,0.38,10.2,7
12,0.99052,0.039,122,0.41,2.9,5
10.4,0.99546,0.042,141,0.33,8.5,5
12.2,0.98972,0.042,87,0.4,1.5,7
8.6,0.9942,0.039,115,0.3,3.1,5
9.1,0.99572,0.045,208,0.38,7.9,5
12.1,0.99022,0.028,91,0.35,3.5,5
12,0.99253,0.032,125,0.34,4.9,5
10.4,0.99454,0.046,176,0.54,7,5
13.7,0.98906,0.024,94,0.32,4.5,7
13.7,0.98906,0.024,94,0.32,4.5,7
12,0.98956,0.031,89,0.38,3.2,7
11.9,0.99064,0.045,118,0.45,2.3,7
11.3,0.99121,0.034,102,0.39,1.4,7
11.7,0.99104,0.045,133,0.5,1.5,5
11,0.99221,0.022,129,0.27,6.7,7
12.2,0.98924,0.033,111,0.4,2.1,7
10.7,0.99176,0.028,124,0.51,4.3,7
11.9,0.99064,0.045,118,0.45,2.3,7
11.1,0.99178,0.047,130,0.49,2.5,5
10.3,0.99709,0.047,151,0.46,14.7,5
11.9,0.99,0.036,98,0.39,1.9,7
10.4,0.99305,0.043,129,0.34,1.6,5
11,0.9913,0.034,89,0.37,2.5,7
11.9,0.99,0.036,98,0.39,1.9,7
12.9,0.98836,0.031,147,0.39,1.4,7
10.8,0.9897,0.027,21,0.37,0.8,5
10.4,0.99305,0.043,129,0.34,1.6,5
12.2,0.99156,0.037,86,0.22,5.5,5
10.3,0.99534,0.052,150,0.38,8.6,5
11,0.99322,0.059,128,0.37,6.9,7
11,0.99296,0.043,98,0.38,2.1,5
8.8,0.99918,0.061,198,0.26,17.6,5
11.2,0.99026,0.04,103,0.27,0.9,5
12.7,0.9911,0.038,34,0.32,8.1,7
11.2,0.99026,0.04,103,0.27,0.9,5
12,0.99212,0.02,133,0.34,7.4,7
9.5,0.99684,0.033,124,0.42,15.1,5
12,0.99212,0.02,133,0.34,7.4,7
12.7,0.99036,0.019,114,0.37,4.8,7
9.5,0.99684,0.033,124,0.42,15.1,5
12,0.99212,0.02,133,0.34,7.4,7
12.7,0.99036,0.019,114,0.37,4.8,7
12.1,0.99144,0.034,118,0.4,6.1,7
10.5,0.9931,0.05,154,0.22,7.1,5
9.8,0.99164,0.038,131,0.33,1,5
11.4,0.98988,0.04,76,0.41,1,7
12.8,0.98939,0.027,125,0.37,1.3,7
10.2,0.99196,0.035,148,0.33,1.8,5
12.5,0.98952,0.026,114,0.3,1.5,7
9.8,0.99164,0.038,131,0.33,1,5
11,0.99111,0.036,89,0.32,1.2,5
11,0.99326,0.044,127,0.38,9.1,7
11,0.99326,0.044,127,0.38,9.1,7
12,0.99214,0.032,121,0.4,6.3,7
12.4,0.9897,0.031,145,0.36,5.1,7
12.8,0.98915,0.022,97,0.34,2.4,7
11,0.99326,0.044,127,0.38,9.1,7
9.1,0.99692,0.035,177,0.34,7.5,5
12.4,0.991,0.033,156,0.36,5,7
12.9,0.9913,0.031,98,0.39,6.75,7
10.8,0.99402,0.045,164,0.24,1.6,5
10.6,0.99678,0.04,142,0.34,16.05,5
9,0.99458,0.053,106,0.23,5,5
11.8,0.99033,0.041,131,0.32,0.95,5
11.1,0.99127,0.044,111,0.46,1.3,5
9,0.99458,0.053,106,0.23,5,5
12.8,0.98938,0.036,92,0.31,2.6,7
12.9,0.99001,0.102,76,0.53,2.1,5
13.3,0.98916,0.041,86,0.4,2.65,7
11,0.99158,0.047,119,0.26,1.1,7
12.5,0.99412,0.038,79,0.32,14.5,5
11,0.99216,0.039,147,0.35,4.6,7
9.8,0.99328,0.059,115,0.29,2.5,5
12.3,0.99031,0.034,99,0.24,3.3,7
12.6,0.98871,0.036,113,0.42,1.1,7
12.3,0.99031,0.034,99,0.24,3.3,7
13.4,0.99146,0.02,86,0.36,8.55,7
9.8,0.99328,0.059,115,0.29,2.5,5
11.1,0.9921,0.039,147,0.37,4.5,7
11,0.99216,0.039,147,0.35,4.6,7
11.4,0.99177,0.042,201,0.4,2.2,5
13,0.98923,0.03,101,0.32,1.5,5
9.3,1.00014,0.047,193,0.32,18.75,7
9.4,0.9976,0.061,214,0.36,9.2,5
10.2,0.99166,0.044,115,0.29,1.8,5
12,0.99184,0.044,91,0.34,5.7,7
11.3,0.99135,0.045,100,0.32,2.4,7
11.8,0.99074,0.038,118,0.32,1.9,7
10.9,0.99193,0.039,129,0.31,1.4,5
11.1,0.99091,0.057,125,0.25,1.4,7
9.4,0.9976,0.061,214,0.36,9.2,5
10.2,0.99166,0.044,115,0.29,1.8,5
10.1,0.99229,0.039,125,0.36,2.3,7
10.9,0.9913,0.046,121,0.31,2.9,7
10.9,0.99126,0.047,122,0.31,2.8,7
10.9,0.9913,0.046,121,0.31,2.9,7
9.4,0.99562,0.044,196,0.42,8.2,5
11.4,0.99128,0.043,80,0.37,1,5
9.4,0.99558,0.046,194,0.41,7,5
12,0.98961,0.04,84,0.35,1.8,7
9.4,0.99558,0.046,194,0.41,7,5
9.4,0.99562,0.044,196,0.42,8.2,5
9.2,0.99572,0.047,184,0.5,7.6,5
12.3,0.99146,0.029,105,0.32,8.7,7
11.4,0.99128,0.043,80,0.37,1,5
13.5,0.99012,0.032,93,0.34,5,7
12.8,0.98912,0.033,142,0.3,1.9,7
12.8,0.98902,0.022,96,0.29,2,7
12.8,0.98912,0.033,142,0.3,1.9,7
12.4,0.99129,0.039,96,0.27,5.2,7
12.9,0.98956,0.048,142,0.29,2.1,7
11.1,0.9916,0.047,152,0.29,1.1,7
12.9,0.98889,0.032,95,0.28,1.3,7
11.8,0.99012,0.042,64,0.33,1.1,7
12.7,0.98853,0.036,74,0.37,1.2,7
12.4,0.98962,0.042,105,0.35,1.8,7
10.4,0.99168,0.047,148,0.28,1.4,5
10.4,0.9968,0.05,124,0.36,15.7,5
12.5,0.98995,0.039,105,0.3,1.8,7
12.6,0.99048,0.035,126,0.28,5,7
10.2,0.99204,0.042,178,0.28,1.8,5
10.4,0.99202,0.036,70,0.36,1.3,7
11.5,0.9906,0.038,122,0.29,1,5
12.1,0.99177,0.059,151,0.28,3.7,7
11.1,0.99254,0.059,104,0.32,6.65,5
9.5,0.99782,0.048,189,0.28,13.55,7
11.8,0.99426,0.038,132,0.28,12.8,7
11.3,0.99356,0.033,97,0.33,12.2,7
11.3,0.99072,0.033,72,0.49,1.3,7
12.3,0.99076,0.033,76,0.26,4.8,7
11.5,0.99355,0.039,117,0.28,10.6,7
13.2,0.98882,0.034,121,0.24,2.1,7
9.5,0.99341,0.045,135,0.21,1.7,5
9.2,0.9984,0.046,221,0.49,11.3,5
12.1,0.99111,0.04,121,0.34,3.6,7
10.7,0.9933,0.045,125,0.35,6.9,7
12.1,0.99111,0.04,121,0.34,3.6,7
9.2,0.9984,0.046,221,0.49,11.3,5
12.8,0.99381,0.026,77,0.3,11.3,7
9.1,0.99576,0.048,188,0.45,7.8,5
9.1,0.9958,0.047,186,0.46,7.8,5
9.5,0.99657,0.052,183,0.32,7.8,5
11.2,0.99242,0.028,120,0.3,5,5
11.4,0.9925,0.024,99,0.25,5,5
9.5,0.99657,0.052,183,0.32,7.8,5
11.5,0.99458,0.032,148,0.35,4.6,7
11.5,0.99458,0.032,148,0.35,4.6,7
12.7,0.9895,0.031,163,0.3,2.1,7
12.7,0.9895,0.031,163,0.3,2.1,7
8.5,1.00196,0.06,145,0.49,20.15,5
9.1,0.99947,0.051,156,0.39,14.5,5
9.1,0.99947,0.051,156,0.39,14.5,5
11.5,0.99153,0.044,117,0.29,3.15,5
12.9,0.98834,0.037,86,0.27,1.3,7
9.4,0.99576,0.052,113,0.22,8.8,5
9.1,0.99956,0.057,224,0.44,18.5,5
9.4,0.99576,0.052,113,0.22,8.8,5
12,0.99026,0.04,106,0.32,1.4,5
11.1,0.99174,0.04,111,0.28,1.2,5
11.8,0.99058,0.035,97,0.27,5,7
9.1,0.99956,0.057,224,0.44,18.75,5
13,0.99056,0.034,134,0.29,4.75,7
11.5,0.99112,0.029,106,0.29,5.35,7
11.5,0.99112,0.029,106,0.29,5.35,7
10,0.99616,0.047,134,0.48,6.8,5
12.4,0.98918,0.033,107,0,1.4,5
10.6,0.99114,0.042,172,0.13,1.2,5
11.1,0.9912,0.037,145,0.31,1.3,7
13.9,0.98936,0.027,123,0.2,2.6,7
12.9,0.98914,0.035,106,0.31,1.6,7
9.6,0.99537,0.046,171,0.41,7.8,5
8.8,0.99742,0.047,219,0.27,10.3,5
11.8,0.9913,0.037,150,0.24,1.8,7
13.1,0.98964,0.039,94,0.28,4.7,7
10.4,0.992,0.047,131,0.3,1.1,5
13,0.99031,0.035,88,0.26,8.15,7
10.2,0.99393,0.056,113,0.32,4.8,7
11.8,0.9913,0.037,150,0.24,1.8,7
13,0.99408,0.036,134,0.27,15.5,7
13,0.99408,0.036,134,0.27,15.5,7
11.6,0.98998,0.042,102,0.28,2.4,7
11.3,0.99146,0.038,134,0.28,3.95,7
13.1,0.98922,0.036,124,0.3,3,7
13,0.99408,0.036,134,0.27,15.5,7
9.1,0.99869,0.054,181,0.45,14.3,5
13.4,0.9896,0.04,93,0.31,4.2,7
11.5,0.99108,0.029,133,0.34,1.4,7
11.2,0.99134,0.031,118,0.32,3,7
13.5,0.98936,0.036,115,0.28,2.4,7
9.1,0.99869,0.054,181,0.45,14.3,5
11.7,0.99038,0.046,90,0.28,1.4,7
12.3,0.98987,0.031,87,0.33,1.3,7
13.3,0.98947,0.044,171,0.34,2,7
13.7,0.98819,0.036,102,0.29,1.8,7
11.1,0.99133,0.05,131,0.41,1.2,5
13.4,0.99143,0.038,132,0.62,7.5,7
9.1,0.99571,0.048,207,0.15,9.7,5
11.3,0.99139,0.038,152,0.24,3.8,7
9.4,0.99537,0.048,178,0.41,7.2,5
9.1,0.99571,0.048,207,0.15,9.7,5
13.1,0.9897,0.034,134,0.27,3.1,7
9.7,0.9955,0.046,178,0.35,7.2,5
9.2,0.99528,0.048,179,0.44,7.1,5
9.7,0.9955,0.046,178,0.35,7.2,5
9.2,0.99528,0.048,179,0.44,7.1,5
10.1,0.99224,0.146,105,0.47,1.2,5
12.2,0.99074,0.029,128,0.25,4.8,7
12.2,0.99324,0.037,112,0.21,10.2,7
9,0.99398,0.05,86,0.12,4.5,5
9,0.99398,0.05,86,0.12,4.5,5
11.3,0.99096,0.035,93,0.34,1.1,7
11,0.99089,0.027,112,0.28,1.1,7
10.6,0.9968,0.048,161,0.36,14.6,5
11.3,0.99138,0.035,120,0.27,2.6,7
11.5,0.99238,0.028,78,0.28,7.25,7
11.1,0.99244,0.026,143,0.21,6.55,5
12.8,0.99176,0.023,130,0.24,7,7
11.5,0.99238,0.028,78,0.28,7.25,7
11.7,0.98988,0.032,104,0.35,1,7
10.7,0.992,0.044,158,0.28,4.2,7
12,0.99006,0.037,107,0.35,1.5,7
10.8,0.99211,0.053,186,0.36,1.3,5
10.7,0.99202,0.043,158,0.27,3.9,7
10.7,0.992,0.044,158,0.28,4.2,7
10.7,0.99332,0.049,107,0.32,7.6,7
12.1,0.98958,0.031,123,0.29,1,7
11.9,0.98939,0.034,108,0.28,1.1,7
12.3,0.99043,0.033,169,0.24,1.4,7
10.4,0.99304,0.039,140,0.24,1.6,7
12.6,0.99165,0.027,122,0.27,7.1,7
9.4,0.99628,0.056,167,0.48,8.8,5
9.2,0.99604,0.047,151,0.24,7.2,5
9.4,0.99628,0.056,167,0.48,8.8,5
9.2,0.99604,0.047,151,0.24,7.2,5
9.3,0.99794,0.041,188,0.61,11.8,5
11.4,0.99048,0.041,117,0.33,0.9,5
10,0.99726,0.044,118,0.24,12.6,7
10.7,0.99278,0.04,168,0.26,4.7,7
10,0.99726,0.044,118,0.24,12.6,7
12.8,0.99054,0.029,93,0.28,6.1,7
9.3,0.99794,0.041,188,0.61,11.8,5
11.4,0.99048,0.041,117,0.33,0.9,5
9.5,0.99459,0.117,183,0.2,5.6,5
11,0.99442,0.021,156,0.27,8.8,7
11.3,0.99089,0.02,66,0.39,1.4,7
11.2,0.99474,0.018,127,0.34,4.8,7
12.5,0.99008,0.014,89,0.32,2.4,7
11.4,0.9908,0.046,133,0.23,2,7
12.2,0.99076,0.031,73,0.22,4.5,7
12.6,0.98942,0.037,95,0.24,3.2,7
11.1,0.99244,0.032,138,0.25,6.65,5
13,0.99,0.038,130,0.26,5.7,7
12.2,0.99338,0.03,191,0.28,8.5,7
10.8,0.9926,0.043,149,0.3,5.4,7
10.5,0.99523,0.038,152,0.26,11.7,7
11.2,0.99402,0.03,82,0.26,11,5
12.7,0.98916,0.029,102,0.32,1.6,7
12.9,0.99071,0.025,95,0.29,6.2,7
13.6,0.98742,0.029,93,0.3,1.2,7
9.1,0.99336,0.053,112,0.2,1,5
13.6,0.98742,0.029,93,0.3,1.2,7
8.7,1.00044,0.085,111,0.25,18.8,5
10.5,0.99444,0.037,105,0.27,9.6,7
11.3,0.99058,0.051,122,0.44,1.2,7
12.6,0.99164,0.028,122,0.3,8,7
9.8,0.99438,0.087,177,0.37,1.6,5
10.8,0.99402,0.03,98,0.27,12,5
11.5,0.991,0.027,150,0.24,4.4,7
10.5,0.99444,0.037,105,0.27,9.6,7
12.6,0.99164,0.028,122,0.3,8,7
8.7,1.00044,0.085,111,0.25,18.8,5
11.3,0.99058,0.051,122,0.44,1.2,7
9.8,0.99438,0.087,177,0.37,1.6,5
10.1,0.99344,0.076,145,0.27,1.5,5
9.2,0.99904,0.05,139,0.22,18.15,5
9,0.99786,0.088,183,0.46,11.8,5
10.1,0.99206,0.039,141,0.09,1.4,5
13.6,0.98722,0.02,9,0.09,1,5
9.2,0.99666,0.045,159,0.18,10.6,5
8.8,0.99754,0.049,190,0.23,10.4,5
11.2,0.99104,0.041,182,0.26,1.2,5
9.2,0.99904,0.05,139,0.22,18.15,5
9.5,0.9956,0.038,200,0.45,8,5
11.9,0.99095,0.024,152,0.27,2.5,7
9.8,0.99382,0.068,138,0.23,2,5
9.8,0.99382,0.069,134,0.23,2,5
10.8,0.99299,0.036,150,0.28,6.9,7
11.3,0.9902,0.03,111,0.28,2.9,7
10.8,0.99299,0.036,150,0.28,6.9,7
13.5,0.99012,0.028,75,0.33,5.4,7
10.3,0.99293,0.044,126,0.41,1.3,5
10.3,0.99293,0.044,126,0.41,1.3,5
8.6,0.99936,0.042,125,0.29,13.1,5
9.2,0.99324,0.167,120,0.72,1.6,5
9,0.99792,0.051,149,0.28,14.7,7
9,0.99792,0.051,149,0.28,14.7,7
9,0.99792,0.051,149,0.28,14.7,7
9,0.99792,0.051,149,0.28,14.7,7
9,0.99792,0.051,149,0.28,14.7,7
9,0.99792,0.051,149,0.28,14.7,7
9,0.99792,0.051,149,0.28,14.7,7
11.9,0.99043,0.04,121,0.28,1.8,5
9,0.99758,0.055,134,0.25,12.5,5
9,0.99792,0.051,149,0.28,14.7,7
10,0.99243,0.039,108,0.23,2.9,5
10.7,0.99216,0.04,184,0.34,1.4,5
10.7,0.99215,0.042,183,0.33,1.4,5
10,0.99243,0.039,108,0.23,2.9,5
10.7,0.99216,0.04,184,0.34,1.4,5
10.7,0.99215,0.042,183,0.33,1.4,5
11.1,0.99072,0.028,98,0.28,2.5,7
10.9,0.99244,0.025,40,0.35,6.1,5
11.5,0.99084,0.017,80,0.24,2.7,5
9.4,0.99754,0.033,186,0.17,12.9,5
9.4,0.99754,0.033,186,0.17,12.9,5
9.4,0.99754,0.033,186,0.17,12.9,5
9.4,0.99754,0.033,186,0.17,12.9,5
13.5,0.9874,0.009,100,0.12,1.3,5
9.7,0.99794,0.04,248,0.39,12.1,5
12.3,0.99226,0.04,135,0.31,7.7,5
11.4,0.99099,0.022,100,0.3,1.4,7
12.7,0.99134,0.022,97,0.45,7.7,7
9.7,0.99794,0.04,248,0.39,12.1,5
9.5,0.9955,0.05,196,0.45,8.3,5
13.2,0.98964,0.027,100,0.31,2.7,7
8.8,0.99808,0.037,182,0.48,12.8,5
9.5,0.99551,0.043,201,0.44,8.2,5
9.5,0.99548,0.044,202,0.52,8.1,5
9.5,0.9955,0.05,196,0.45,8.3,5
9.5,0.99536,0.051,197,0.5,8,5
10,0.99224,0.046,113,0.45,1.7,5
9.3,0.99657,0.098,91,0.21,10.7,5
10.9,0.99176,0.057,138,0.39,2,5
11.4,0.99166,0.042,177,0.28,2.2,5
10.3,0.99242,0.036,49,0.3,1.3,5
10.9,0.99176,0.057,138,0.39,2,5
10.3,0.99242,0.036,49,0.3,1.3,5
9.3,0.99657,0.098,91,0.21,10.7,5
10.2,0.99358,0.041,113,0.62,6.4,5
11.1,0.9912,0.052,156,0.38,2,5
10.9,0.99176,0.057,138,0.39,2,5
11.4,0.99166,0.042,177,0.28,2.2,5
10.3,0.99677,0.049,149,0.28,12.1,5
12.9,0.99172,0.042,106,0.32,8.8,7
9.9,0.9953,0.045,131,0.3,8.8,5
10.7,0.99158,0.039,132,0.2,3.7,5
9.5,0.99558,0.052,197,0.49,8.1,5
11.3,0.9911,0.042,104,0.3,2.5,7
11.5,0.98956,0.053,99,0.18,1,5
13.2,0.99062,0.035,100,0.23,5.8,7
11.5,0.99274,0.034,111,0.23,10.6,7
9.6,0.993,0.086,130,0.19,3.5,5
9.6,0.993,0.086,130,0.19,3.5,5
9.2,0.9946,0.052,142,0.22,4.8,5
8.4,0.99429,0.052,113,0.23,3.3,5
9.2,0.9946,0.052,142,0.22,4.8,5
8.4,0.99429,0.052,113,0.23,3.3,5
13.2,0.98958,0.028,100,0.28,4,7
9.1,0.9986,0.055,176,0.23,16.2,5
9.1,0.9986,0.055,176,0.23,16.2,5
10.6,0.99628,0.047,87,0.43,7,5
13.7,0.98913,0.03,123,0.29,3.1,7
12.5,0.99198,0.031,120,0.26,4.6,7
9.2,0.99587,0.048,207,0.26,7.2,5
9.2,0.99587,0.048,207,0.26,7.2,5
13,0.99018,0.038,98,0.22,4,7
9.2,0.99587,0.048,207,0.26,7.2,5
9,0.99776,0.094,181,0.51,11.7,5
9.6,0.99545,0.062,194,0.51,8,5
9.9,0.99299,0.057,98,0.27,1.6,7
10.5,0.99665,0.059,135,0.28,16.55,5
11.4,0.99069,0.053,98,0.31,1.5,5
9.4,0.99692,0.069,170,0.31,10.2,5
10.8,0.99226,0.049,129,0.37,1.5,5
10.8,0.99226,0.049,129,0.37,1.5,5
10.6,0.99368,0.036,127,0.3,8.7,5
9.2,0.9937,0.044,63,0.1,3.5,5
11,0.99176,0.035,110,0.34,1.3,7
10.6,0.99368,0.036,127,0.3,8.7,5
9.2,0.9937,0.044,63,0.1,3.5,5
14,0.98746,0.036,106,0.18,1.9,7
12.5,0.99028,0.036,88,0.3,3.8,7
12.5,0.99028,0.036,88,0.3,3.8,7
12.8,0.98867,0.038,83,0.3,2.4,7
11.2,0.99174,0.037,138,0.24,4.8,7
11.2,0.99174,0.037,138,0.24,4.8,7
12.5,0.99028,0.036,88,0.3,3.8,7
11.2,0.99174,0.037,138,0.24,4.8,7
14,0.98746,0.036,106,0.18,1.9,7
9.4,0.9956,0.056,206,0.51,7.9,5
14.2,0.98779,0.037,113,0.28,1.6,7
10.2,0.99751,0.057,173,0.34,14.8,5
12.8,0.98867,0.038,83,0.3,2.4,7
10.1,0.99249,0.045,109,0.3,0.9,5
10.1,0.99249,0.045,109,0.3,0.9,5
10.3,0.99239,0.031,95,0.33,1.2,5
11.5,0.99098,0.046,106,0.31,3.9,5
9,0.99872,0.063,173,0.47,15.6,5
9,0.99872,0.063,173,0.47,15.6,5
9.4,0.99898,0.046,184,0.2,16.7,5
9.3,0.99528,0.185,151,0.36,6.7,5
9.3,0.996,0.053,148,0.37,8.9,5
10.1,0.99138,0.068,143,0.34,1,5
12.7,0.98952,0.042,142,0.32,2.2,7
9.3,0.99469,0.045,105,0.3,5.4,5
9.3,0.996,0.053,148,0.37,8.9,5
10.1,0.99138,0.068,143,0.34,1,5
8.8,0.9991,0.066,161,0.2,17.9,5
10.8,0.99178,0.038,122,0.3,1.3,7
8.8,0.9991,0.066,161,0.2,17.9,5
10.3,0.99207,0.05,145,0.18,2.3,5
12,0.99152,0.026,87,0.36,4.3,5
9,0.99773,0.084,170,0.46,11.7,5
13,0.99088,0.032,118,0.27,5.8,7
11.8,0.99108,0.044,116,0.32,3.8,7
8.8,0.99803,0.056,176.5,0.48,12.4,5
9.8,0.99572,0.035,143,0.31,10.6,7
11.9,0.9903,0.033,134,0.26,1.7,7
12.8,0.99162,0.025,124,0.29,7.6,7
10.4,0.9922,0.04,192,0.53,1.7,7
10.7,0.99481,0.035,135,0.25,12.1,5
10.7,0.9928,0.036,157,0.27,4.5,7
11.9,0.9903,0.033,134,0.26,1.7,7
12.8,0.99162,0.025,124,0.29,7.6,7
9.2,0.99317,0.06,104,0.41,1.1,5
10.5,0.99173,0.041,76,0.32,3.7,7
11,0.99455,0.048,111,0.34,8.9,7
11,0.99455,0.048,111,0.34,8.9,7
12.1,0.99186,0.038,127,0.31,4.7,5
11,0.99455,0.048,111,0.34,8.9,7
12.8,0.98944,0.041,144,0.29,3.1,7
9.5,0.99238,0.062,122,0.57,1,5
12.3,0.99067,0.042,112,0.26,5.2,7
9.5,0.99238,0.062,122,0.57,1,5
12.8,0.98944,0.041,144,0.29,3.1,7
9.3,0.99424,0.054,97,0.12,4.8,5
9.2,0.99626,0.055,151,0.24,8.5,5
9.3,0.99424,0.054,97,0.12,4.8,5
9.2,0.99318,0.062,100,0.42,1.1,5
9.2,0.99626,0.055,151,0.24,8.5,5
9.3,0.99304,0.052,176,0.26,1.1,5
11.4,0.99047,0.023,105,0.38,1.15,5
9.5,0.9924,0.06,120,0.57,1,5
9.2,0.9989,0.034,116,0.22,17.8,5
9.2,0.9989,0.034,116,0.22,17.8,5
9.9,0.99287,0.041,177,0.22,1.4,5
9.9,0.99286,0.044,176,0.22,1.4,5
9.5,0.9924,0.06,120,0.57,1,5
9.4,0.9934,0.052,185,0.29,1.6,5
9.3,0.99545,0.053,149,0.22,7.9,5
8.7,0.9984,0.05,135,0.27,15.5,7
8.7,0.9984,0.05,135,0.27,15.5,7
8.7,0.9984,0.05,135,0.27,15.5,7
8.7,0.9984,0.05,135,0.27,15.5,7
9,0.99971,0.05,154,0.28,17.55,7
8.7,0.9984,0.05,135,0.27,15.5,7
9.3,0.99545,0.053,149,0.22,7.9,5
8.7,0.9984,0.05,135,0.27,15.5,7
9,0.99971,0.05,154,0.28,17.55,7
10.7,0.99565,0.032,131,0.18,13.15,5
10,0.99362,0.048,70,0.01,6.1,5
10,0.99362,0.048,70,0.01,6.1,5
9.7,0.99255,0.09,130,0.21,1.9,5
12.5,0.99027,0.032,85,0.21,1.6,5
10.6,0.99506,0.062,166,0.28,8.3,5
9.9,0.99498,0.048,162,0.27,8,5
10.4,0.99706,0.043,163,0.38,12.7,7
8.5,0.99398,0.054,107,0.16,1.3,5
10.4,0.99608,0.05,134,0.26,9.6,5
10.1,0.99266,0.052,185,0.32,1.2,5
12.8,0.99024,0.03,98,0.28,4.9,7
9.5,0.99366,0.054,136,0.35,1.1,5
11,0.99299,0.046,140,0.34,5.6,5
10,0.99568,0.057,166,0.23,9.5,5
10,0.99568,0.057,166,0.23,9.5,5
11.7,0.99062,0.03,86,0.28,4.1,7
12.5,0.99058,0.035,80,0.27,4.7,7
11.1,0.99059,0.039,122,0.45,1.4,7
9.7,0.99119,0.041,141,0.56,0.9,5
11.6,0.99164,0.053,193,0.27,1.2,5
12,0.99024,0.046,147,0.31,3.5,7
9,0.9973,0.049,122,0.5,12.1,5
11.5,0.98974,0.052,72,0.36,1.6,7
10,0.99382,0.048,147,0.23,5.7,5
10,0.99383,0.047,147,0.22,5.6,5
10.3,0.99538,0.059,215,0.34,6.8,5
10.4,0.99734,0.054,227,0.32,15.6,5
13.4,0.98981,0.02,68,0.31,6,7
9.1,0.9964,0.048,206,0.26,8.6,5
9.1,0.9964,0.048,206,0.26,8.6,5
11.3,0.99234,0.046,132,0.24,2.4,5
9.1,0.9964,0.048,206,0.26,8.6,5
11,0.99287,0.054,143,0.35,5.4,7
9.7,0.99737,0.064,115.5,0.29,15.5,7
11,0.99287,0.054,143,0.35,5.4,7
13.9,0.98711,0.038,76,0.28,1.4,7
9.4,0.99714,0.046,194,0.31,9.4,5
9.5,0.9927,0.049,187,0.47,1.4,5
9.6,0.9948,0.048,186,0.5,6.5,5
9.5,0.9927,0.049,187,0.47,1.4,5
9.6,0.99481,0.047,186,0.52,6.3,5
8.7,0.99825,0.056,168,0.3,13.7,7
8.7,0.99825,0.056,168,0.3,13.7,7
8.7,0.99825,0.056,168,0.3,13.7,7
8.7,0.99825,0.056,168,0.3,13.7,7
8.7,0.99825,0.056,168,0.3,13.7,7
8.7,0.99825,0.056,168,0.3,13.7,7
10.4,0.99192,0.061,120,0.38,1.5,5
10.7,0.99184,0.063,119,0.35,1.6,5
12,0.99019,0.05,83,0.35,1.4,7
12.1,0.98998,0.044,158,0.31,3.5,7
12.6,0.98949,0.035,123,0.34,1.5,7
8.7,0.99825,0.056,168,0.3,13.7,7
12,0.99009,0.04,101,0.37,1.6,5
9.3,0.99288,0.174,99,0.86,1.4,5
11.1,0.99133,0.048,157,0.39,2.4,7
11.3,0.99107,0.038,133,0.33,4.2,7
9.4,0.9986,0.052,198,0.4,15.4,5
11.8,0.99065,0.041,82,0.3,2.5,7
12.6,0.9903,0.04,81,0.28,4,7
9.4,0.9986,0.052,198,0.4,15.4,5
10.5,0.99236,0.043,72,0.32,1.2,5
9.6,0.9939,0.097,105,0.21,5.1,5
11.2,0.99138,0.05,140,0.35,1.2,5
9.8,0.99472,0.053,149,0.48,7.4,5
9.1,0.99792,0.049,139,0.53,12.9,5
10.1,0.99266,0.054,183,0.32,1.3,5
10.8,0.991,0.036,107,0.3,1.2,7
9.5,0.99718,0.056,210,0.24,12.1,5
9.5,0.99718,0.056,210,0.24,12.1,5
9.5,0.99718,0.056,210,0.24,12.1,5
9.5,0.99718,0.056,210,0.24,12.1,5
12.5,0.99092,0.029,87,0.35,6.5,7
10.6,0.99486,0.056,187,0.27,10.1,5
10.4,0.99464,0.056,171,0.57,10.7,7
10.1,0.99235,0.047,93,0.27,3.2,7
9.2,0.99736,0.04,116,0.18,15,5
9.2,0.99736,0.04,116,0.18,15,5
10.5,0.99192,0.03,80,0.3,1.2,5
9.2,0.99736,0.04,116,0.18,15,5
11.9,0.99002,0.041,90,0.36,1.8,7
10.8,0.99214,0.037,144,0.29,4.2,7
9.2,0.9982,0.038,116,0.48,13.5,5
9.2,0.99822,0.037,116,0.47,13.3,5
10.9,0.99567,0.058,115,0.24,9.9,5
9.2,0.99416,0.051,119,0.26,5.1,5
9.2,0.99416,0.051,119,0.26,5.1,5
12,0.9887,0.033,121,0.23,1.5,5
12.7,0.98952,0.042,120,0.27,2.3,7
12.7,0.98952,0.042,120,0.27,2.3,7
12.7,0.9895,0.044,117,0.27,2.3,7
9.4,0.9981,0.045,192,0.23,13.7,5
9.4,0.99848,0.043,201,0.2,15.4,5
13,0.98886,0.027,117,0.2,2.4,7
10.3,0.99474,0.054,183,0.35,5.5,5
10.1,0.99773,0.059,124,0.24,17.8,5
10.1,0.99773,0.059,124,0.24,17.8,5
10,0.99288,0.046,117,0.17,1.6,5
10.1,0.99773,0.059,124,0.24,17.8,5
9.4,0.99922,0.045,183,0.36,15.7,5
9.4,0.99922,0.045,183,0.36,15.7,5
10.8,0.99468,0.046,121,0.28,9,5
9.4,0.99922,0.045,183,0.36,15.7,5
9.4,0.99478,0.209,156,0.3,6.5,5
9.5,0.99692,0.105,155,0.23,8.9,5
11,0.99178,0.039,116,0.27,1.6,7
12,0.98997,0.046,103,0.28,1.9,5
11.94,0.99172,0.035,117,0.22,7.3,7
12.89333333,0.9901,0.035,115,0.24,5.4,7
9.4,0.99681,0.086,94,0.2,10.4,5
12.2,0.9893,0.038,138,0.26,1.9,7
11.94,0.99172,0.035,117,0.22,7.3,7
12.89333333,0.9901,0.035,115,0.24,5.4,7
9.5,0.99527,0.056,191,0.35,7.7,5
10.5,0.99198,0.042,121,0.33,1.2,7
9.5,0.99538,0.054,182,0.26,8.2,5
9.2,0.99627,0.052,168,0.34,8.3,5
9.5,0.99538,0.054,182,0.26,8.2,5
10.98,0.99433,0.043,145,0.19,9.3,5
9.4,0.9954,0.054,181,0.26,8.1,5
9.5,0.99538,0.054,182,0.26,8.2,5
9.2,0.99627,0.052,168,0.34,8.3,5
11.3,0.99121,0.034,148,0.3,2.6,7
9.4,0.99738,0.108,187,0.28,10.4,5
10.7,0.99178,0.054,148,0.35,1.6,5
10.53333333,0.99313,0.046,178,0.29,5.6,5
9.533333333,0.99504,0.05,179,0.2,7.5,5
10.7,0.99178,0.054,148,0.35,1.6,5
9.5,0.99663,0.048,136,0.25,11.2,5
9.1,0.99561,0.063,133,0.33,10.1,5
9.5,0.99663,0.048,136,0.25,11.2,5
9.6,0.9937,0.096,115,0.19,4.5,5
9.3,0.99372,0.053,92,0.28,2.7,5
9.5,0.9932,0.051,171,0.21,2.1,5
9.4,0.99373,0.042,133,0.21,5,5
8.8,0.99494,0.041,126,0.2,6.6,5
9.4,0.99373,0.042,133,0.21,5,5
9.5,0.99542,0.05,182,0.21,8.2,5
9.5,0.99542,0.05,182,0.21,8.2,5
9.2,0.99804,0.057,167,0.44,15.8,5
9.4,0.99899,0.048,203,0.37,15.5,5
9.2,0.99804,0.057,167,0.44,15.8,5
9.4,0.99676,0.051,146,0.22,12.3,5
9.8,0.99699,0.053,173,0.26,11.8,5
9.8,0.99699,0.053,173,0.26,11.8,5
9.8,0.99699,0.053,173,0.26,11.8,5
9.4,0.99676,0.051,146,0.22,12.3,5
9.8,0.99699,0.053,173,0.26,11.8,5
9.733333333,0.99362,0.066,187,0.46,6.2,5
9.4,0.99512,0.044,197,0.16,7.9,5
9.4,0.99512,0.044,197,0.16,7.9,5
12.8,0.9895,0.037,140,0.29,3.3,7
9.4,0.99512,0.044,197,0.16,7.9,5
12.8,0.9895,0.037,140,0.29,3.3,7
9.733333333,0.99391,0.069,182,0.47,6.3,5
13.1,0.98963,0.039,86,0.38,4.9,7
11.5,0.99335,0.041,114,0.27,10.4,7
13.1,0.98963,0.039,86,0.38,4.9,7
11.5,0.99335,0.041,114,0.27,10.4,7
9.1,0.99824,0.061,141,0.22,16,5
9.75,0.99391,0.069,182,0.47,6.3,5
9.9,0.99611,0.044,205,0.26,12.3,5
8.7,0.99886,0.051,134,0.59,13.6,5
9.4,0.9969,0.06,193,0.26,10.9,5
10.5,0.99184,0.046,131,0.19,1.4,5
9.8,0.99428,0.048,125,0.16,5.9,5
9.1,0.99834,0.051,146,0.31,16.4,5
9.1,0.99834,0.051,146,0.31,16.4,5
9.8,0.99428,0.048,125,0.16,5.9,5
10.3,0.99329,0.045,122,0.25,2.5,5
9.5,0.99514,0.049,184,0.19,7.7,5
9.8,0.99304,0.048,173,0.22,2.8,5
9,0.99911,0.051,174,0.29,19.3,5
9,0.99911,0.051,174,0.29,19.3,5
9,0.99911,0.051,174,0.29,19.3,5
13,0.98952,0.045,129,0.26,2.7,7
9.9,0.99403,0.041,120,0.18,6.4,5
9.3,0.9981,0.053,141,0.56,15.4,5
9.3,0.9981,0.053,141,0.56,15.4,5
11,0.99306,0.051,149,0.24,4.1,5
10.3,0.99378,0.054,158,0.27,6.6,5
11.1,0.99173,0.039,83,0.28,1.4,5
9.8,0.99356,0.271,140,0.2,1.6,5
9.6,0.99514,0.05,180,0.26,7.9,5
9.6,0.99514,0.05,180,0.26,7.9,5
9.1,0.9943,0.053,126,0.26,4.5,5
12.8,0.99636,0.12,122,0.45,22.6,5
9.6,0.99514,0.05,180,0.26,7.9,5
9.1,0.9943,0.053,126,0.26,4.5,5
9.3,0.9958,0.212,150,0.3,8.1,5
10.8,0.9935,0.052,106,0.25,6.2,5
14.05,0.9909,0.041,104,0.01,8.4,7
10.7,0.9943,0.051,138,0.23,8.5,5
10.2,0.994,0.051,162,0.23,6,5
12.33333333,0.99,0.036,73,0.13,1.75,5
9.5,0.9925,0.061,100,0.17,1.3,5
8.8,0.9964,0.051,259,0.18,9,5
9.8,0.9949,0.052,230,0.31,7.5,5
9.6,0.9929,0.048,191,0.2,2,5
9.7,0.9975,0.048,149,0.25,14.3,5
10.5,0.9963,0.049,124,0.18,10.5,5
10.1,0.9937,0.049,94,0.37,1.2,5
11.05,0.9956,0.026,60,0.36,8.8,5
11.1,0.9948,0.037,76,0.37,9.1,5
11.1,0.9948,0.037,76,0.37,9.1,5
10.5,0.998275,0.047,183,0.22,14.7,5
11.1,0.9948,0.037,76,0.37,9.1,5
9.6,0.997,0.094,97,0.3,11.8,5
11.7,0.9914,0.028,138,0.4,1.9,5
10.7,0.9958,0.04,110,0.32,9.3,7
10.8,0.9954,0.028,131,0.3,10.2,7
10.7,0.9947,0.03,119,0.27,10.6,7
10.8,0.9912,0.036,113,0.35,1.4,7
10.8,0.9965,0.039,159,0.66,9.1,5
12,0.9948,0.03,171,0.26,11.1,5
10.8,0.9965,0.039,159,0.66,9.1,5
12.5,0.98948,0.027,101,0.28,1.3,7
13.05,0.98823,0.024,97,0.32,1.2,7
12.9,0.9908,0.03,102,0.26,9.7,7
12,0.9906,0.034,133,0.24,2.3,7
11.3,0.9904,0.036,56,0.29,1.1,5
11.8,0.9898,0.042,98,0.32,1.2,7
11.1,0.99304,0.05,137,0.33,5.2,5
11.4,0.9908,0.027,75,0.33,1,7
11.2,0.993,0.04,112,0.32,5.8,5
12.6,0.98942,0.032,73,0.27,3.2,7
10.9,0.99184,0.034,77,0.36,2.4,5
9.8,0.99441,0.041,146,0.21,7.2,5
9.8,0.99442,0.04,145,0.2,7.3,5
9.5,0.99474,0.094,166,0.18,6.3,5
11.26666667,0.9916,0.032,132,0.28,4.25,7
10.8,0.99198,0.039,99,0.37,1.2,5
13.4,0.98949,0.036,129,0.18,2,7
11.3,0.9916,0.032,132,0.28,4.25,7
8.9,0.99556,0.06,196,0.12,4.7,5
11.5,0.99158,0.047,95,0.38,1.4,7
13,0.9902,0.036,131,0.22,4.1,7
11.2,0.99344,0.034,158,0.23,6.65,5
11.6,0.98981,0.041,73,0.34,2,7
10.4,0.99524,0.041,127,0.32,12.2,7
10.9,0.99221,0.041,102,0.39,2.3,7
10.56666667,0.99212,0.048,177,0.25,1.7,5
10.6,0.99212,0.048,177,0.25,1.7,5
12.4,0.98968,0.03,98,0.3,1.3,7
13.1,0.98774,0.034,158,0.34,1.1,7
10.65,0.99094,0.037,88,0.28,1,7
11.4,0.99044,0.042,101,0.29,1,7
9.3,0.9938,0.117,240,0.21,1.65,5
10.2,0.99432,0.042,84,0.06,6.8,5
10.2,0.99432,0.042,84,0.06,6.8,5
13.1,0.98966,0.033,113,0.25,4.9,7
9.6,0.99309,0.051,210,0.47,1.4,5
12.8,0.98868,0.035,73,0.28,2.5,7
10.96666667,0.9937,0.048,149,0.41,10.8,7
10.96666667,0.9937,0.048,149,0.41,10.8,7
10.96666667,0.9937,0.048,149,0.41,10.8,7
11,0.9937,0.048,149,0.41,10.8,7
11.2,0.99168,0.048,150,0.41,1.1,5
10.13333333,0.99362,0.036,111,0.33,6,7
10.13333333,0.99365,0.034,114,0.34,6.1,7
9.1,0.99642,0.057,221,0.53,8.8,5
10.15,0.99365,0.034,114,0.34,6.1,7
10.15,0.99362,0.036,111,0.33,6,7
11.5,0.99134,0.049,117,0.33,1.2,5
10.46666667,0.99212,0.036,168,0.14,1.3,5
10.46666667,0.99212,0.036,168,0.14,1.3,5
11.8,0.99161,0.028,104,0.52,6.2,7
11.63333333,0.9912,0.034,151,0.29,3.2,7
11.8,0.99161,0.028,104,0.52,6.2,7
10.5,0.99212,0.036,168,0.14,1.3,5
10.5,0.9966,0.062,114,0.32,10.4,5
9.1,0.99954,0.043,167,0.31,19.25,7
8.8,0.99414,0.053,173,0.32,1.1,5
9.1,0.99954,0.043,167,0.31,19.25,7
12.9,0.99188,0.032,113,0.32,9,7
12.9,0.99188,0.032,113,0.32,9,7
9.8,0.99659,0.041,168,0.33,12.8,5
9.8,0.99659,0.041,168,0.33,12.8,5
10.9,0.99074,0.037,83,0.28,1.4,7
11.8,0.98966,0.031,111,0.4,1.85,7
12.2,0.99031,0.03,108,0.31,4,7
11.8,0.98966,0.031,111,0.4,1.85,7
12.25,0.99044,0.044,93,0.32,1.3,5
10.7,0.99346,0.05,65,0.43,1.6,5
11.85,0.99331,0.048,106,0.6,1.85,5
12.3,0.99234,0.031,134,0.32,9,7
9.6,0.99308,0.05,189,0.46,1.5,5
11.2,0.99185,0.032,148,0.37,1.2,5
10,0.99438,0.043,101,0.19,5,5
9.3,0.99943,0.05,184,0.24,18.35,5
11.2,0.99185,0.032,148,0.37,1.2,5
12.1,0.9891,0.035,78,0.36,1.3,7
13.6,0.98872,0.035,111,0.26,3.5,7
13.6,0.98872,0.035,111,0.26,3.5,7
11.9,0.99057,0.037,78,0.3,1.5,7
11.75,0.99072,0.031,130,0.25,3.9,7
9.4,0.99352,0.052,181,0.25,1.2,7
9.1,0.99654,0.057,223,0.45,8.6,5
12,0.98953,0.048,61,0.31,1.7,7
9.7,0.99382,0.042,138,0.09,6.3,5
9.8,0.99382,0.043,142,0.1,6.4,5
10.2,0.99546,0.045,161,0.31,12.9,5
11.7,0.99088,0.038,76,0.29,2.4,7
10.2,0.99546,0.045,161,0.31,12.9,5
9.4,0.99519,0.174,159,0.3,7.3,5
10.7,0.99142,0.035,140,0.29,1.1,7
10.7,0.99142,0.035,140,0.29,1.1,7
10.3,0.99684,0.042,115,0.19,14.5,5
11.6,0.99051,0.039,126,0.33,1.1,7
10.7,0.99142,0.035,140,0.29,1.1,7
11.9,0.99189,0.038,111,0.5,5.8,7
10.9,0.9959,0.053,100,0.67,8.3,5
9.1,0.99482,0.054,147,0.4,3.3,5
11.4,0.98946,0.027,113,0.33,1.1,7
9.7,0.99212,0.127,178,0.5,1,5
13.7,0.99026,0.041,120,0.01,3.2,7
9.7,0.99212,0.127,178,0.5,1,5
12,0.99193,0.054,130,0.34,4.6,7
9.2,0.9967,0.042,140,0.35,10.3,5
9.2,0.9967,0.042,140,0.35,10.3,5
12.1,0.99258,0.032,90,0.33,9.9,7
10.7,0.9917,0.057,141,0.26,1.5,5
12,0.98986,0.033,95,0.3,1.5,7
9.6,0.99642,0.096,92,0.36,11.5,5
11.95,0.99318,0.029,128,0.36,8.9,7
11.3,0.99093,0.046,182,0.25,2.5,5
9.5,0.99336,0.136,93,0.29,2.4,5
12.2,0.99022,0.038,97,0.09,5.1,7
9.6,0.99488,0.055,164,0.44,8.9,5
9.6,0.99488,0.055,164,0.44,8.9,5
11.4,0.99176,0.044,113,0.38,1.6,5
11.4,0.99001,0.047,77,0.23,1.4,5
9.6,0.99502,0.055,177,0.51,7.8,5
13.3,0.98936,0.036,92,0.32,4,7
9.633333333,0.99266,0.066,148,0.23,1.1,5
11.45,0.99188,0.021,132,0.28,6.6,7
9.7,0.99622,0.032,179,0.41,12.4,5
11.6,0.99132,0.038,117,0.42,2.5,7
8.8,0.99286,0.032,82,0,0.8,5
10.7,0.99184,0.037,156,0.13,1.3,5
9.6,0.99492,0.048,174,0.38,8.3,5
12.15,0.99168,0.028,121,0.28,5.7,7
13,0.98928,0.023,56,0.22,1.9,7
9.2,0.9933,0.052,127,0.36,1.2,5
9.7,0.99298,0.032,112,0.38,1.3,5
9.6,0.9949,0.047,168,0.36,8,5
12.8,0.98869,0.022,110,0.3,1.1,7
